turbo,pyr1,pyr2,dd,brake,start,end,return_pct,multiple,mdd_pct,liquidated
1.5,1.0,1.5,0.1,0.5,2018-01-01 00:00:00+00:00,2020-01-01 00:00:00+00:00,76.40969155368626,1.7640969155368627,-47.78028636757171,0
1.5,1.0,1.5,0.1,0.5,2018-06-30 00:00:00+00:00,2020-06-29 00:00:00+00:00,-8.537214869106391,0.9146278513089361,-57.090823430585644,0
1.5,1.0,1.5,0.1,0.5,2018-12-27 00:00:00+00:00,2020-12-26 00:00:00+00:00,-14.035583536292473,0.8596441646370753,-47.293316751928174,0
1.5,1.0,1.5,0.1,0.5,2019-06-25 00:00:00+00:00,2021-06-24 00:00:00+00:00,1136.3726406063045,12.363726406063044,-64.30989245554579,0
1.5,1.0,1.5,0.1,0.5,2019-12-22 00:00:00+00:00,2021-12-21 00:00:00+00:00,1312.4332270519897,14.124332270519897,-64.30989245554582,0
1.5,1.0,1.5,0.1,0.5,2020-06-19 00:00:00+00:00,2022-06-19 00:00:00+00:00,1137.841673782793,12.378416737827928,-64.30989245554576,0
1.5,1.0,1.5,0.1,0.5,2020-12-16 00:00:00+00:00,2022-12-16 00:00:00+00:00,852.8355273998809,9.528355273998809,-64.3098924555458,0
1.5,1.0,1.5,0.1,0.5,2021-06-14 00:00:00+00:00,2023-06-14 00:00:00+00:00,-15.51267260541418,0.8448732739458582,-62.98140576892948,0
1.5,1.0,1.5,0.1,0.5,2021-12-11 00:00:00+00:00,2023-12-11 00:00:00+00:00,31.71628212721822,1.3171628212721822,-51.09635212458532,0
1.5,1.0,1.5,0.1,0.5,2022-06-09 00:00:00+00:00,2024-06-08 00:00:00+00:00,88.99281450441867,1.8899281450441867,-38.35561837261564,0
1.5,1.0,1.5,0.1,0.5,2022-12-06 00:00:00+00:00,2024-12-05 00:00:00+00:00,499.1167339254743,5.991167339254743,-43.381167111566974,0
1.5,1.0,1.5,0.1,0.5,2023-06-04 00:00:00+00:00,2025-06-03 00:00:00+00:00,365.8070001020521,4.658070001020521,-43.38116711156697,0
1.5,1.0,1.5,0.1,0.5,2023-12-01 00:00:00+00:00,2025-11-30 00:00:00+00:00,307.3565330440042,4.073565330440042,-43.381167111566995,0
1.5,1.0,1.5,0.1,0.5,2024-05-29 00:00:00+00:00,2026-05-29 00:00:00+00:00,78.00033796695732,1.7800033796695731,-52.076464130528336,0
1.5,1.0,1.5,0.15,0.35,2018-01-01 00:00:00+00:00,2020-01-01 00:00:00+00:00,58.29563997018927,1.5829563997018927,-40.37963638528578,0
1.5,1.0,1.5,0.15,0.35,2018-06-30 00:00:00+00:00,2020-06-29 00:00:00+00:00,19.604087865148045,1.1960408786514805,-47.16767605514454,0
1.5,1.0,1.5,0.15,0.35,2018-12-27 00:00:00+00:00,2020-12-26 00:00:00+00:00,-27.27762916185442,0.7272237083814558,-43.43099369928829,0
1.5,1.0,1.5,0.15,0.35,2019-06-25 00:00:00+00:00,2021-06-24 00:00:00+00:00,530.8618540801511,6.308618540801511,-54.31834810388012,0
1.5,1.0,1.5,0.15,0.35,2019-12-22 00:00:00+00:00,2021-12-21 00:00:00+00:00,454.5256896954956,5.545256896954956,-54.31834810388013,0
1.5,1.0,1.5,0.15,0.35,2020-06-19 00:00:00+00:00,2022-06-19 00:00:00+00:00,721.7426464732398,8.217426464732398,-54.3183481038801,0
1.5,1.0,1.5,0.15,0.35,2020-12-16 00:00:00+00:00,2022-12-16 00:00:00+00:00,711.4982338360148,8.114982338360148,-54.3183481038801,0
1.5,1.0,1.5,0.15,0.35,2021-06-14 00:00:00+00:00,2023-06-14 00:00:00+00:00,-24.834537745310936,0.7516546225468906,-53.69834682038868,0
1.5,1.0,1.5,0.15,0.35,2021-12-11 00:00:00+00:00,2023-12-11 00:00:00+00:00,44.41576338286468,1.4441576338286468,-43.453348840175074,0
1.5,1.0,1.5,0.15,0.35,2022-06-09 00:00:00+00:00,2024-06-08 00:00:00+00:00,50.70446317658541,1.5070446317658541,-34.84973935808504,0
1.5,1.0,1.5,0.15,0.35,2022-12-06 00:00:00+00:00,2024-12-05 00:00:00+00:00,280.8946062795166,3.808946062795166,-38.65946881732928,0
1.5,1.0,1.5,0.15,0.35,2023-06-04 00:00:00+00:00,2025-06-03 00:00:00+00:00,195.58815226440473,2.9558815226440474,-38.65946881732929,0
1.5,1.0,1.5,0.15,0.35,2023-12-01 00:00:00+00:00,2025-11-30 00:00:00+00:00,209.5815495785785,3.095815495785785,-38.659468817329554,0
1.5,1.0,1.5,0.15,0.35,2024-05-29 00:00:00+00:00,2026-05-29 00:00:00+00:00,85.21843623566711,1.8521843623566712,-44.78458390121294,0
1.5,1.25,2.0,0.1,0.5,2018-01-01 00:00:00+00:00,2020-01-01 00:00:00+00:00,74.46247904840821,1.7446247904840821,-61.6995153728561,0
1.5,1.25,2.0,0.1,0.5,2018-06-30 00:00:00+00:00,2020-06-29 00:00:00+00:00,-33.1268753777603,0.668731246222397,-68.7349993569292,0
1.5,1.25,2.0,0.1,0.5,2018-12-27 00:00:00+00:00,2020-12-26 00:00:00+00:00,-25.423868194943633,0.7457613180505637,-57.807896148082264,0
1.5,1.25,2.0,0.1,0.5,2019-06-25 00:00:00+00:00,2021-06-24 00:00:00+00:00,1106.2119939322195,12.062119939322194,-77.41091316055582,0
1.5,1.25,2.0,0.1,0.5,2019-12-22 00:00:00+00:00,2021-12-21 00:00:00+00:00,1318.2034623216841,14.182034623216841,-77.41091316055581,0
1.5,1.25,2.0,0.1,0.5,2020-06-19 00:00:00+00:00,2022-06-19 00:00:00+00:00,996.7347542250259,10.967347542250259,-77.41091316055581,0
1.5,1.25,2.0,0.1,0.5,2020-12-16 00:00:00+00:00,2022-12-16 00:00:00+00:00,819.7090087799635,9.197090087799635,-77.41091316055582,0
1.5,1.25,2.0,0.1,0.5,2021-06-14 00:00:00+00:00,2023-06-14 00:00:00+00:00,-30.556131663334828,0.6944386833666517,-72.67455843896641,0
1.5,1.25,2.0,0.1,0.5,2021-12-11 00:00:00+00:00,2023-12-11 00:00:00+00:00,30.694247746552428,1.3069424774655243,-55.985687295930205,0
1.5,1.25,2.0,0.1,0.5,2022-06-09 00:00:00+00:00,2024-06-08 00:00:00+00:00,88.25198573550432,1.8825198573550432,-46.942132986318526,0
1.5,1.25,2.0,0.1,0.5,2022-12-06 00:00:00+00:00,2024-12-05 00:00:00+00:00,499.8728013493173,5.998728013493173,-50.75088412569567,0
1.5,1.25,2.0,0.1,0.5,2023-06-04 00:00:00+00:00,2025-06-03 00:00:00+00:00,382.5662027118759,4.825662027118759,-50.750884125696,0
1.5,1.25,2.0,0.1,0.5,2023-12-01 00:00:00+00:00,2025-11-30 00:00:00+00:00,340.638465262728,4.40638465262728,-50.75088412569584,0
1.5,1.25,2.0,0.1,0.5,2024-05-29 00:00:00+00:00,2026-05-29 00:00:00+00:00,62.540415574777455,1.6254041557477745,-57.615801990606826,0
1.5,1.25,2.0,0.15,0.35,2018-01-01 00:00:00+00:00,2020-01-01 00:00:00+00:00,61.04642601730672,1.6104642601730672,-50.50517835855477,0
1.5,1.25,2.0,0.15,0.35,2018-06-30 00:00:00+00:00,2020-06-29 00:00:00+00:00,12.684567315778427,1.1268456731577843,-58.00539004660412,0
1.5,1.25,2.0,0.15,0.35,2018-12-27 00:00:00+00:00,2020-12-26 00:00:00+00:00,-35.02365463335803,0.6497634536664197,-49.223352808103705,0
1.5,1.25,2.0,0.15,0.35,2019-06-25 00:00:00+00:00,2021-06-24 00:00:00+00:00,553.3221084417515,6.533221084417516,-67.58406920228772,0
1.5,1.25,2.0,0.15,0.35,2019-12-22 00:00:00+00:00,2021-12-21 00:00:00+00:00,563.1556498451486,6.631556498451486,-67.58406920228772,0
1.5,1.25,2.0,0.15,0.35,2020-06-19 00:00:00+00:00,2022-06-19 00:00:00+00:00,473.1956837235664,5.731956837235664,-67.58406920228774,0
1.5,1.25,2.0,0.15,0.35,2020-12-16 00:00:00+00:00,2022-12-16 00:00:00+00:00,494.86419759979555,5.948641975997956,-67.58406920228775,0
1.5,1.25,2.0,0.15,0.35,2021-06-14 00:00:00+00:00,2023-06-14 00:00:00+00:00,-24.98809321750427,0.7501190678249573,-60.49748071741449,0
1.5,1.25,2.0,0.15,0.35,2021-12-11 00:00:00+00:00,2023-12-11 00:00:00+00:00,42.19719138490652,1.4219719138490652,-48.660745831403084,0
1.5,1.25,2.0,0.15,0.35,2022-06-09 00:00:00+00:00,2024-06-08 00:00:00+00:00,11.149964087292542,1.1114996408729254,-44.44856641810199,0
1.5,1.25,2.0,0.15,0.35,2022-12-06 00:00:00+00:00,2024-12-05 00:00:00+00:00,502.4114763784071,6.024114763784071,-42.27708772286992,0
1.5,1.25,2.0,0.15,0.35,2023-06-04 00:00:00+00:00,2025-06-03 00:00:00+00:00,367.6296925341399,4.676296925341399,-42.27708772286991,0
1.5,1.25,2.0,0.15,0.35,2023-12-01 00:00:00+00:00,2025-11-30 00:00:00+00:00,429.3357362595595,5.293357362595595,-42.2770877228701,0
1.5,1.25,2.0,0.15,0.35,2024-05-29 00:00:00+00:00,2026-05-29 00:00:00+00:00,171.3299008639225,2.713299008639225,-49.2363976665101,0
2.0,1.0,1.5,0.1,0.5,2018-01-01 00:00:00+00:00,2020-01-01 00:00:00+00:00,50.06406946051434,1.5006406946051434,-55.322402533407455,0
2.0,1.0,1.5,0.1,0.5,2018-06-30 00:00:00+00:00,2020-06-29 00:00:00+00:00,-32.85605471381453,0.6714394528618547,-68.68710346951275,0
2.0,1.0,1.5,0.1,0.5,2018-12-27 00:00:00+00:00,2020-12-26 00:00:00+00:00,-25.86841165042195,0.7413158834957805,-57.62569168506392,0
2.0,1.0,1.5,0.1,0.5,2019-06-25 00:00:00+00:00,2021-06-24 00:00:00+00:00,917.1082239436048,10.171082239436048,-63.05948815617415,0
2.0,1.0,1.5,0.1,0.5,2019-12-22 00:00:00+00:00,2021-12-21 00:00:00+00:00,891.3986999203823,9.913986999203823,-63.05948815617416,0
2.0,1.0,1.5,0.1,0.5,2020-06-19 00:00:00+00:00,2022-06-19 00:00:00+00:00,872.2951147057822,9.722951147057822,-63.05948815617417,0
2.0,1.0,1.5,0.1,0.5,2020-12-16 00:00:00+00:00,2022-12-16 00:00:00+00:00,587.4005679996354,6.874005679996354,-64.4150581101736,0
2.0,1.0,1.5,0.1,0.5,2021-06-14 00:00:00+00:00,2023-06-14 00:00:00+00:00,-14.342473571795422,0.8565752642820458,-63.077354413504196,0
2.0,1.0,1.5,0.1,0.5,2021-12-11 00:00:00+00:00,2023-12-11 00:00:00+00:00,10.888585085676915,1.1088858508567692,-52.32195139125659,0
2.0,1.0,1.5,0.1,0.5,2022-06-09 00:00:00+00:00,2024-06-08 00:00:00+00:00,72.2957609674906,1.722957609674906,-41.47339217062333,0
2.0,1.0,1.5,0.1,0.5,2022-12-06 00:00:00+00:00,2024-12-05 00:00:00+00:00,355.516312918829,4.55516312918829,-46.73122389661094,0
2.0,1.0,1.5,0.1,0.5,2023-06-04 00:00:00+00:00,2025-06-03 00:00:00+00:00,264.53096349880315,3.6453096349880316,-46.73122389661071,0
2.0,1.0,1.5,0.1,0.5,2023-12-01 00:00:00+00:00,2025-11-30 00:00:00+00:00,210.4863614961063,3.104863614961063,-46.731223896610615,0
2.0,1.0,1.5,0.1,0.5,2024-05-29 00:00:00+00:00,2026-05-29 00:00:00+00:00,54.98068239874421,1.549806823987442,-52.9391460842485,0
2.0,1.0,1.5,0.15,0.35,2018-01-01 00:00:00+00:00,2020-01-01 00:00:00+00:00,30.996199833992243,1.3099619983399224,-46.24889083505613,0
2.0,1.0,1.5,0.15,0.35,2018-06-30 00:00:00+00:00,2020-06-29 00:00:00+00:00,1.3487204826617027,1.013487204826617,-59.15936846169105,0
2.0,1.0,1.5,0.15,0.35,2018-12-27 00:00:00+00:00,2020-12-26 00:00:00+00:00,-26.830118208618337,0.7316988179138166,-47.125204934750776,0
2.0,1.0,1.5,0.15,0.35,2019-06-25 00:00:00+00:00,2021-06-24 00:00:00+00:00,320.98734961091833,4.209873496109183,-52.71789099266866,0
2.0,1.0,1.5,0.15,0.35,2019-12-22 00:00:00+00:00,2021-12-21 00:00:00+00:00,361.6468310488607,4.616468310488607,-52.717890992668636,0
2.0,1.0,1.5,0.15,0.35,2020-06-19 00:00:00+00:00,2022-06-19 00:00:00+00:00,406.36385435479883,5.063638543547988,-52.71789099266866,0
2.0,1.0,1.5,0.15,0.35,2020-12-16 00:00:00+00:00,2022-12-16 00:00:00+00:00,538.2796736784999,6.382796736784999,-53.84245447167404,0
2.0,1.0,1.5,0.15,0.35,2021-06-14 00:00:00+00:00,2023-06-14 00:00:00+00:00,-25.623926352697236,0.7437607364730277,-53.84245447167408,0
2.0,1.0,1.5,0.15,0.35,2021-12-11 00:00:00+00:00,2023-12-11 00:00:00+00:00,-2.2050401580609447,0.9779495984193906,-45.58563913001098,0
2.0,1.0,1.5,0.15,0.35,2022-06-09 00:00:00+00:00,2024-06-08 00:00:00+00:00,42.041047725401604,1.420410477254016,-35.05139744939728,0
2.0,1.0,1.5,0.15,0.35,2022-12-06 00:00:00+00:00,2024-12-05 00:00:00+00:00,280.1731431091609,3.801731431091609,-38.563345302123174,0
2.0,1.0,1.5,0.15,0.35,2023-06-04 00:00:00+00:00,2025-06-03 00:00:00+00:00,170.90201434393754,2.7090201434393752,-38.56334530212329,0
2.0,1.0,1.5,0.15,0.35,2023-12-01 00:00:00+00:00,2025-11-30 00:00:00+00:00,171.31132786845393,2.7131132786845393,-38.563345302123395,0
2.0,1.0,1.5,0.15,0.35,2024-05-29 00:00:00+00:00,2026-05-29 00:00:00+00:00,63.00982729328837,1.6300982729328837,-45.435678737947825,0
2.0,1.25,2.0,0.1,0.5,2018-01-01 00:00:00+00:00,2020-01-01 00:00:00+00:00,62.123086709480965,1.6212308670948097,-64.39674400105491,0
2.0,1.25,2.0,0.1,0.5,2018-06-30 00:00:00+00:00,2020-06-29 00:00:00+00:00,-32.981956177565294,0.670180438224347,-72.70164713348488,0
2.0,1.25,2.0,0.1,0.5,2018-12-27 00:00:00+00:00,2020-12-26 00:00:00+00:00,-32.33997377217914,0.6766002622782086,-62.05196526605283,0
2.0,1.25,2.0,0.1,0.5,2019-06-25 00:00:00+00:00,2021-06-24 00:00:00+00:00,1377.4301488981916,14.774301488981918,-77.4109131605558,0
2.0,1.25,2.0,0.1,0.5,2019-12-22 00:00:00+00:00,2021-12-21 00:00:00+00:00,1359.978785445584,14.59978785445584,-77.41091316055582,0
2.0,1.25,2.0,0.1,0.5,2020-06-19 00:00:00+00:00,2022-06-19 00:00:00+00:00,893.9124137040781,9.93912413704078,-77.41091316055581,0
2.0,1.25,2.0,0.1,0.5,2020-12-16 00:00:00+00:00,2022-12-16 00:00:00+00:00,857.8686048277301,9.578686048277302,-77.41091316055581,0
2.0,1.25,2.0,0.1,0.5,2021-06-14 00:00:00+00:00,2023-06-14 00:00:00+00:00,-33.02163046191027,0.6697836953808973,-73.3498684981309,0
2.0,1.25,2.0,0.1,0.5,2021-12-11 00:00:00+00:00,2023-12-11 00:00:00+00:00,16.364569469656654,1.1636456946965665,-57.0280649021202,0
2.0,1.25,2.0,0.1,0.5,2022-06-09 00:00:00+00:00,2024-06-08 00:00:00+00:00,76.70399427320098,1.7670399427320098,-47.990522082153845,0
2.0,1.25,2.0,0.1,0.5,2022-12-06 00:00:00+00:00,2024-12-05 00:00:00+00:00,464.2611093964471,5.642611093964471,-52.469488652119935,0
2.0,1.25,2.0,0.1,0.5,2023-06-04 00:00:00+00:00,2025-06-03 00:00:00+00:00,373.384947100575,4.73384947100575,-52.46948865212001,0
2.0,1.25,2.0,0.1,0.5,2023-12-01 00:00:00+00:00,2025-11-30 00:00:00+00:00,308.77288377531926,4.087728837753192,-52.469488652120035,0
2.0,1.25,2.0,0.1,0.5,2024-05-29 00:00:00+00:00,2026-05-29 00:00:00+00:00,86.68215849111307,1.8668215849111307,-58.46454382224007,0
2.0,1.25,2.0,0.15,0.35,2018-01-01 00:00:00+00:00,2020-01-01 00:00:00+00:00,53.50079306549122,1.5350079306549123,-52.82600881119011,0
2.0,1.25,2.0,0.15,0.35,2018-06-30 00:00:00+00:00,2020-06-29 00:00:00+00:00,-16.86434146981355,0.8313565853018645,-61.69977847990937,0
2.0,1.25,2.0,0.15,0.35,2018-12-27 00:00:00+00:00,2020-12-26 00:00:00+00:00,-35.426481676269404,0.6457351832373059,-51.83159097489474,0
2.0,1.25,2.0,0.15,0.35,2019-06-25 00:00:00+00:00,2021-06-24 00:00:00+00:00,871.8593987057741,9.71859398705774,-67.58406920228775,0
2.0,1.25,2.0,0.15,0.35,2019-12-22 00:00:00+00:00,2021-12-21 00:00:00+00:00,727.0189975153421,8.270189975153421,-67.58406920228775,0
2.0,1.25,2.0,0.15,0.35,2020-06-19 00:00:00+00:00,2022-06-19 00:00:00+00:00,748.2126586003723,8.482126586003723,-67.58406920228775,0
2.0,1.25,2.0,0.15,0.35,2020-12-16 00:00:00+00:00,2022-12-16 00:00:00+00:00,830.4010910972756,9.304010910972757,-67.58406920228774,0
2.0,1.25,2.0,0.15,0.35,2021-06-14 00:00:00+00:00,2023-06-14 00:00:00+00:00,-26.164107777589752,0.7383589222241025,-61.148676297050606,0
2.0,1.25,2.0,0.15,0.35,2021-12-11 00:00:00+00:00,2023-12-11 00:00:00+00:00,35.46846031972291,1.354684603197229,-49.45222919762535,0
2.0,1.25,2.0,0.15,0.35,2022-06-09 00:00:00+00:00,2024-06-08 00:00:00+00:00,6.592715162824225,1.0659271516282423,-45.16377744611242,0
2.0,1.25,2.0,0.15,0.35,2022-12-06 00:00:00+00:00,2024-12-05 00:00:00+00:00,598.050329787778,6.98050329787778,-43.674599905767344,0
2.0,1.25,2.0,0.15,0.35,2023-06-04 00:00:00+00:00,2025-06-03 00:00:00+00:00,386.6907398814477,4.866907398814477,-43.674599905767344,0
2.0,1.25,2.0,0.15,0.35,2023-12-01 00:00:00+00:00,2025-11-30 00:00:00+00:00,427.86782201633844,5.278678220163385,-43.67459990576729,0
2.0,1.25,2.0,0.15,0.35,2024-05-29 00:00:00+00:00,2026-05-29 00:00:00+00:00,187.19920793523292,2.8719920793523293,-49.92001020912325,0
2.5,1.0,1.5,0.1,0.5,2018-01-01 00:00:00+00:00,2020-01-01 00:00:00+00:00,-20.965546634402532,0.7903445336559747,-73.5000793664219,0
2.5,1.0,1.5,0.1,0.5,2018-06-30 00:00:00+00:00,2020-06-29 00:00:00+00:00,-53.38641998786697,0.46613580012133027,-78.14512102450794,0
2.5,1.0,1.5,0.1,0.5,2018-12-27 00:00:00+00:00,2020-12-26 00:00:00+00:00,-39.76045837615454,0.6023954162384546,-64.43783735344105,0
2.5,1.0,1.5,0.1,0.5,2019-06-25 00:00:00+00:00,2021-06-24 00:00:00+00:00,678.0711328627898,7.780711328627898,-61.81034804081131,0
2.5,1.0,1.5,0.1,0.5,2019-12-22 00:00:00+00:00,2021-12-21 00:00:00+00:00,903.21638872374,10.0321638872374,-61.81034804081129,0
2.5,1.0,1.5,0.1,0.5,2020-06-19 00:00:00+00:00,2022-06-19 00:00:00+00:00,794.1436943542391,8.94143694354239,-61.810348040811306,0
2.5,1.0,1.5,0.1,0.5,2020-12-16 00:00:00+00:00,2022-12-16 00:00:00+00:00,461.01794956347567,5.610179495634757,-64.08623873009321,0
2.5,1.0,1.5,0.1,0.5,2021-06-14 00:00:00+00:00,2023-06-14 00:00:00+00:00,-27.9465019992866,0.720534980007134,-64.08623873009336,0
2.5,1.0,1.5,0.1,0.5,2021-12-11 00:00:00+00:00,2023-12-11 00:00:00+00:00,1.4144110330702064,1.014144110330702,-53.80024355974524,0
2.5,1.0,1.5,0.1,0.5,2022-06-09 00:00:00+00:00,2024-06-08 00:00:00+00:00,-9.739947414791262,0.9026005258520874,-45.13709401813267,0
2.5,1.0,1.5,0.1,0.5,2022-12-06 00:00:00+00:00,2024-12-05 00:00:00+00:00,250.42980486070624,3.5042980486070623,-49.93279364404071,0
2.5,1.0,1.5,0.1,0.5,2023-06-04 00:00:00+00:00,2025-06-03 00:00:00+00:00,149.69674827944505,2.4969674827944504,-49.93279364404095,0
2.5,1.0,1.5,0.1,0.5,2023-12-01 00:00:00+00:00,2025-11-30 00:00:00+00:00,119.35389436894562,2.193538943689456,-49.93279364404082,0
2.5,1.0,1.5,0.1,0.5,2024-05-29 00:00:00+00:00,2026-05-29 00:00:00+00:00,31.889818861931563,1.3188981886193156,-56.904640962987955,0
2.5,1.0,1.5,0.15,0.35,2018-01-01 00:00:00+00:00,2020-01-01 00:00:00+00:00,-32.13495298067015,0.6786504701932985,-67.69218759022482,0
2.5,1.0,1.5,0.15,0.35,2018-06-30 00:00:00+00:00,2020-06-29 00:00:00+00:00,-22.44547632433568,0.7755452367566432,-69.47780959431232,0
2.5,1.0,1.5,0.15,0.35,2018-12-27 00:00:00+00:00,2020-12-26 00:00:00+00:00,-34.71197998371907,0.6528802001628093,-56.00165857387831,0
2.5,1.0,1.5,0.15,0.35,2019-06-25 00:00:00+00:00,2021-06-24 00:00:00+00:00,522.84257755458,6.2284257755458,-56.98459146859083,0
2.5,1.0,1.5,0.15,0.35,2019-12-22 00:00:00+00:00,2021-12-21 00:00:00+00:00,497.14471675368765,5.971447167536876,-56.98459146859083,0
2.5,1.0,1.5,0.15,0.35,2020-06-19 00:00:00+00:00,2022-06-19 00:00:00+00:00,523.7980611782353,6.237980611782354,-56.98459146859083,0
2.5,1.0,1.5,0.15,0.35,2020-12-16 00:00:00+00:00,2022-12-16 00:00:00+00:00,358.59861790535217,4.5859861790535215,-56.98459146859083,0
2.5,1.0,1.5,0.15,0.35,2021-06-14 00:00:00+00:00,2023-06-14 00:00:00+00:00,-37.41246448390421,0.6258753551609579,-54.65335408777974,0
2.5,1.0,1.5,0.15,0.35,2021-12-11 00:00:00+00:00,2023-12-11 00:00:00+00:00,-4.017892470237705,0.959821075297623,-46.956341862804315,0
2.5,1.0,1.5,0.15,0.35,2022-06-09 00:00:00+00:00,2024-06-08 00:00:00+00:00,16.21439194927021,1.1621439194927021,-37.9503993432939,0
2.5,1.0,1.5,0.15,0.35,2022-12-06 00:00:00+00:00,2024-12-05 00:00:00+00:00,166.35829678411463,2.6635829678411462,-41.48107768128657,0
2.5,1.0,1.5,0.15,0.35,2023-06-04 00:00:00+00:00,2025-06-03 00:00:00+00:00,74.67185037468778,1.7467185037468778,-41.48107768128702,0
2.5,1.0,1.5,0.15,0.35,2023-12-01 00:00:00+00:00,2025-11-30 00:00:00+00:00,92.9264471076014,1.929264471076014,-41.48107768128637,0
2.5,1.0,1.5,0.15,0.35,2024-05-29 00:00:00+00:00,2026-05-29 00:00:00+00:00,52.224005418959194,1.522240054189592,-46.10977684441302,0
2.5,1.25,2.0,0.1,0.5,2018-01-01 00:00:00+00:00,2020-01-01 00:00:00+00:00,21.799893989616457,1.2179989398961646,-70.45302826758615,0
2.5,1.25,2.0,0.1,0.5,2018-06-30 00:00:00+00:00,2020-06-29 00:00:00+00:00,-54.05423338029962,0.4594576661970038,-80.55397998902252,0
2.5,1.25,2.0,0.1,0.5,2018-12-27 00:00:00+00:00,2020-12-26 00:00:00+00:00,-41.85335348575821,0.5814664651424178,-67.47469401124684,0
2.5,1.25,2.0,0.1,0.5,2019-06-25 00:00:00+00:00,2021-06-24 00:00:00+00:00,827.0353227732307,9.270353227732308,-76.64706301145145,0
2.5,1.25,2.0,0.1,0.5,2019-12-22 00:00:00+00:00,2021-12-21 00:00:00+00:00,980.1308831992252,10.801308831992252,-76.64706301145144,0
2.5,1.25,2.0,0.1,0.5,2020-06-19 00:00:00+00:00,2022-06-19 00:00:00+00:00,811.3888034515829,9.11388803451583,-76.64706301145145,0
2.5,1.25,2.0,0.1,0.5,2020-12-16 00:00:00+00:00,2022-12-16 00:00:00+00:00,454.4079879452307,5.5440798794523065,-76.64706301145144,0
2.5,1.25,2.0,0.1,0.5,2021-06-14 00:00:00+00:00,2023-06-14 00:00:00+00:00,-37.57162560436258,0.6242837439563742,-73.30064562550753,0
2.5,1.25,2.0,0.1,0.5,2021-12-11 00:00:00+00:00,2023-12-11 00:00:00+00:00,7.365218812032848,1.0736521881203285,-58.360418499892006,0
2.5,1.25,2.0,0.1,0.5,2022-06-09 00:00:00+00:00,2024-06-08 00:00:00+00:00,17.737621394776927,1.1773762139477693,-50.727665932139374,0
2.5,1.25,2.0,0.1,0.5,2022-12-06 00:00:00+00:00,2024-12-05 00:00:00+00:00,305.2139994657316,4.052139994657316,-55.32616149526258,0
2.5,1.25,2.0,0.1,0.5,2023-06-04 00:00:00+00:00,2025-06-03 00:00:00+00:00,229.32074693310955,3.2932074693310955,-55.326161495262724,0
2.5,1.25,2.0,0.1,0.5,2023-12-01 00:00:00+00:00,2025-11-30 00:00:00+00:00,165.10996763275668,2.6510996763275667,-55.32616149526226,0
2.5,1.25,2.0,0.1,0.5,2024-05-29 00:00:00+00:00,2026-05-29 00:00:00+00:00,65.51658645074818,1.6551658645074818,-60.579537526767304,0
2.5,1.25,2.0,0.15,0.35,2018-01-01 00:00:00+00:00,2020-01-01 00:00:00+00:00,32.442826373211275,1.3244282637321128,-57.66094329941828,0
2.5,1.25,2.0,0.15,0.35,2018-06-30 00:00:00+00:00,2020-06-29 00:00:00+00:00,-25.680929251572728,0.7431907074842727,-71.00332589047945,0
2.5,1.25,2.0,0.15,0.35,2018-12-27 00:00:00+00:00,2020-12-26 00:00:00+00:00,-37.76017627491204,0.6223982372508796,-57.8840643044916,0
2.5,1.25,2.0,0.15,0.35,2019-06-25 00:00:00+00:00,2021-06-24 00:00:00+00:00,297.72427567722707,3.9772427567722706,-66.48792550592555,0
2.5,1.25,2.0,0.15,0.35,2019-12-22 00:00:00+00:00,2021-12-21 00:00:00+00:00,443.7178126966603,5.437178126966603,-66.48792550592553,0
2.5,1.25,2.0,0.15,0.35,2020-06-19 00:00:00+00:00,2022-06-19 00:00:00+00:00,306.21752102197456,4.0621752102197455,-66.48792550592553,0
2.5,1.25,2.0,0.15,0.35,2020-12-16 00:00:00+00:00,2022-12-16 00:00:00+00:00,313.64778972971027,4.136477897297103,-66.4879255059255,0
2.5,1.25,2.0,0.15,0.35,2021-06-14 00:00:00+00:00,2023-06-14 00:00:00+00:00,-26.957517738703242,0.7304248226129676,-61.06716028656527,0
2.5,1.25,2.0,0.15,0.35,2021-12-11 00:00:00+00:00,2023-12-11 00:00:00+00:00,-0.3813852353102165,0.9961861476468978,-50.49144288971732,0
2.5,1.25,2.0,0.15,0.35,2022-06-09 00:00:00+00:00,2024-06-08 00:00:00+00:00,-1.2099549812648047,0.987900450187352,-47.5358603294727,0
2.5,1.25,2.0,0.15,0.35,2022-12-06 00:00:00+00:00,2024-12-05 00:00:00+00:00,482.960997136246,5.82960997136246,-46.349579675017594,0
2.5,1.25,2.0,0.15,0.35,2023-06-04 00:00:00+00:00,2025-06-03 00:00:00+00:00,321.5660922762397,4.215660922762397,-46.34957967501708,0
2.5,1.25,2.0,0.15,0.35,2023-12-01 00:00:00+00:00,2025-11-30 00:00:00+00:00,344.1113080880128,4.441113080880128,-46.3495796750173,0
2.5,1.25,2.0,0.15,0.35,2024-05-29 00:00:00+00:00,2026-05-29 00:00:00+00:00,148.58818218453064,2.4858818218453065,-50.53869741735335,0
3.0,1.0,1.5,0.1,0.5,2018-01-01 00:00:00+00:00,2020-01-01 00:00:00+00:00,-2.227801771057858,0.9777219822894214,-71.4060350416455,0
3.0,1.0,1.5,0.1,0.5,2018-06-30 00:00:00+00:00,2020-06-29 00:00:00+00:00,-66.73888771912226,0.33261112280877736,-85.19545404520343,0
3.0,1.0,1.5,0.1,0.5,2018-12-27 00:00:00+00:00,2020-12-26 00:00:00+00:00,-54.344777296168886,0.45655222703831116,-71.82666662476763,0
3.0,1.0,1.5,0.1,0.5,2019-06-25 00:00:00+00:00,2021-06-24 00:00:00+00:00,288.8781901170034,3.888781901170034,-68.37942084040746,0
3.0,1.0,1.5,0.1,0.5,2019-12-22 00:00:00+00:00,2021-12-21 00:00:00+00:00,452.4164976203691,5.524164976203691,-68.37942084040746,0
3.0,1.0,1.5,0.1,0.5,2020-06-19 00:00:00+00:00,2022-06-19 00:00:00+00:00,405.3438466556705,5.053438466556705,-68.37942084040746,0
3.0,1.0,1.5,0.1,0.5,2020-12-16 00:00:00+00:00,2022-12-16 00:00:00+00:00,209.6059205766682,3.0960592057666823,-68.37942084040746,0
3.0,1.0,1.5,0.1,0.5,2021-06-14 00:00:00+00:00,2023-06-14 00:00:00+00:00,-28.385611074885254,0.7161438892511475,-64.17397170425004,0
3.0,1.0,1.5,0.1,0.5,2021-12-11 00:00:00+00:00,2023-12-11 00:00:00+00:00,-7.967308184409716,0.9203269181559028,-55.24935669130291,0
3.0,1.0,1.5,0.1,0.5,2022-06-09 00:00:00+00:00,2024-06-08 00:00:00+00:00,-11.636891069993272,0.8836310893000673,-48.861702587944414,0
3.0,1.0,1.5,0.1,0.5,2022-12-06 00:00:00+00:00,2024-12-05 00:00:00+00:00,183.74345030321635,2.8374345030321635,-50.119010398521,0
3.0,1.0,1.5,0.1,0.5,2023-06-04 00:00:00+00:00,2025-06-03 00:00:00+00:00,114.7913486822592,2.147913486822592,-50.11901039852113,0
3.0,1.0,1.5,0.1,0.5,2023-12-01 00:00:00+00:00,2025-11-30 00:00:00+00:00,92.05953304743615,1.9205953304743615,-50.844222332312164,0
3.0,1.0,1.5,0.1,0.5,2024-05-29 00:00:00+00:00,2026-05-29 00:00:00+00:00,17.35989329697034,1.1735989329697034,-59.205145069249944,0
3.0,1.0,1.5,0.15,0.35,2018-01-01 00:00:00+00:00,2020-01-01 00:00:00+00:00,-52.00596900381322,0.4799403099618677,-75.80238827897374,0
3.0,1.0,1.5,0.15,0.35,2018-06-30 00:00:00+00:00,2020-06-29 00:00:00+00:00,-45.93733318194114,0.5406266681805886,-77.78610927646601,0
3.0,1.0,1.5,0.15,0.35,2018-12-27 00:00:00+00:00,2020-12-26 00:00:00+00:00,-39.95332004167119,0.6004667995832881,-59.383537665845076,0
3.0,1.0,1.5,0.15,0.35,2019-06-25 00:00:00+00:00,2021-06-24 00:00:00+00:00,118.93050593910873,2.189305059391087,-68.37942084040746,0
3.0,1.0,1.5,0.15,0.35,2019-12-22 00:00:00+00:00,2021-12-21 00:00:00+00:00,186.99587275601135,2.8699587275601135,-68.37942084040746,0
3.0,1.0,1.5,0.15,0.35,2020-06-19 00:00:00+00:00,2022-06-19 00:00:00+00:00,208.84276179153284,3.0884276179153285,-68.37942084040746,0
3.0,1.0,1.5,0.15,0.35,2020-12-16 00:00:00+00:00,2022-12-16 00:00:00+00:00,244.01106459523425,3.4401106459523425,-70.7780577396002,0
3.0,1.0,1.5,0.15,0.35,2021-06-14 00:00:00+00:00,2023-06-14 00:00:00+00:00,-18.95368719889867,0.8104631280110133,-55.204315784965,0
3.0,1.0,1.5,0.15,0.35,2021-12-11 00:00:00+00:00,2023-12-11 00:00:00+00:00,-5.071829653190097,0.949281703468099,-47.90896962584409,0
3.0,1.0,1.5,0.15,0.35,2022-06-09 00:00:00+00:00,2024-06-08 00:00:00+00:00,-18.62154374513113,0.8137845625486887,-47.1232029722893,0
3.0,1.0,1.5,0.15,0.35,2022-12-06 00:00:00+00:00,2024-12-05 00:00:00+00:00,132.24491017143123,2.3224491017143123,-44.30175972099518,0
3.0,1.0,1.5,0.15,0.35,2023-06-04 00:00:00+00:00,2025-06-03 00:00:00+00:00,66.23999454151392,1.6623999454151392,-44.30175972099487,0
3.0,1.0,1.5,0.15,0.35,2023-12-01 00:00:00+00:00,2025-11-30 00:00:00+00:00,68.86309136360829,1.6886309136360829,-44.301759720994994,0
3.0,1.0,1.5,0.15,0.35,2024-05-29 00:00:00+00:00,2026-05-29 00:00:00+00:00,30.831327465003145,1.3083132746500314,-47.68169838372428,0
3.0,1.25,2.0,0.1,0.5,2018-01-01 00:00:00+00:00,2020-01-01 00:00:00+00:00,-10.606230461896915,0.8939376953810309,-75.19907608508636,0
3.0,1.25,2.0,0.1,0.5,2018-06-30 00:00:00+00:00,2020-06-29 00:00:00+00:00,-67.21534767297364,0.3278465232702637,-86.81761011810532,0
3.0,1.25,2.0,0.1,0.5,2018-12-27 00:00:00+00:00,2020-12-26 00:00:00+00:00,-53.44300854011234,0.46556991459887664,-74.21224351369297,0
3.0,1.25,2.0,0.1,0.5,2019-06-25 00:00:00+00:00,2021-06-24 00:00:00+00:00,472.04169816408665,5.7204169816408665,-75.88398547422895,0
3.0,1.25,2.0,0.1,0.5,2019-12-22 00:00:00+00:00,2021-12-21 00:00:00+00:00,684.5104838715035,7.845104838715035,-75.88398547422895,0
3.0,1.25,2.0,0.1,0.5,2020-06-19 00:00:00+00:00,2022-06-19 00:00:00+00:00,677.8264402826122,7.778264402826123,-75.88398547422895,0
3.0,1.25,2.0,0.1,0.5,2020-12-16 00:00:00+00:00,2022-12-16 00:00:00+00:00,354.96580799630635,4.549658079963064,-75.88398547422894,0
3.0,1.25,2.0,0.1,0.5,2021-06-14 00:00:00+00:00,2023-06-14 00:00:00+00:00,-44.02001452505026,0.5597998547494974,-73.29869460120918,0
3.0,1.25,2.0,0.1,0.5,2021-12-11 00:00:00+00:00,2023-12-11 00:00:00+00:00,-2.5536803512499318,0.9744631964875007,-59.81041843341174,0
3.0,1.25,2.0,0.1,0.5,2022-06-09 00:00:00+00:00,2024-06-08 00:00:00+00:00,9.514454946508,1.09514454946508,-53.9198150338525,0
3.0,1.25,2.0,0.1,0.5,2022-12-06 00:00:00+00:00,2024-12-05 00:00:00+00:00,273.00142671937977,3.730014267193798,-54.493426230951926,0
3.0,1.25,2.0,0.1,0.5,2023-06-04 00:00:00+00:00,2025-06-03 00:00:00+00:00,214.1034244549663,3.141034244549663,-54.49342623095169,0
3.0,1.25,2.0,0.1,0.5,2023-12-01 00:00:00+00:00,2025-11-30 00:00:00+00:00,167.10076858863573,2.6710076858863574,-54.49342623095181,0
3.0,1.25,2.0,0.1,0.5,2024-05-29 00:00:00+00:00,2026-05-29 00:00:00+00:00,52.168479843549775,1.5216847984354978,-61.7075255092604,0
3.0,1.25,2.0,0.15,0.35,2018-01-01 00:00:00+00:00,2020-01-01 00:00:00+00:00,8.155967425794518,1.0815596742579452,-62.17471469082933,0
3.0,1.25,2.0,0.15,0.35,2018-06-30 00:00:00+00:00,2020-06-29 00:00:00+00:00,-57.80910680106134,0.4219089319893866,-78.89635875429398,0
3.0,1.25,2.0,0.15,0.35,2018-12-27 00:00:00+00:00,2020-12-26 00:00:00+00:00,-42.75674212329862,0.5724325787670138,-61.12123196943886,0
3.0,1.25,2.0,0.15,0.35,2019-06-25 00:00:00+00:00,2021-06-24 00:00:00+00:00,213.41868165527472,3.1341868165527473,-68.37150976230899,0
3.0,1.25,2.0,0.15,0.35,2019-12-22 00:00:00+00:00,2021-12-21 00:00:00+00:00,193.02720338966446,2.9302720338966446,-68.37150976230899,0
3.0,1.25,2.0,0.15,0.35,2020-06-19 00:00:00+00:00,2022-06-19 00:00:00+00:00,268.5974497096982,3.685974497096982,-68.37150976230899,0
3.0,1.25,2.0,0.15,0.35,2020-12-16 00:00:00+00:00,2022-12-16 00:00:00+00:00,174.59270579378892,2.745927057937889,-68.37150976230899,0
3.0,1.25,2.0,0.15,0.35,2021-06-14 00:00:00+00:00,2023-06-14 00:00:00+00:00,-37.136038212272524,0.6286396178772747,-61.018744996236826,0
3.0,1.25,2.0,0.15,0.35,2021-12-11 00:00:00+00:00,2023-12-11 00:00:00+00:00,0.6734481317520302,1.0067344813175203,-51.531597109693216,0
3.0,1.25,2.0,0.15,0.35,2022-06-09 00:00:00+00:00,2024-06-08 00:00:00+00:00,-4.656797532094348,0.9534320246790565,-50.21333301359867,0
3.0,1.25,2.0,0.15,0.35,2022-12-06 00:00:00+00:00,2024-12-05 00:00:00+00:00,235.41758397017185,3.3541758397017185,-48.93558425251404,0
3.0,1.25,2.0,0.15,0.35,2023-06-04 00:00:00+00:00,2025-06-03 00:00:00+00:00,133.96279488323896,2.3396279488323897,-48.93558425251413,0
3.0,1.25,2.0,0.15,0.35,2023-12-01 00:00:00+00:00,2025-11-30 00:00:00+00:00,127.06864670009219,2.270686467000922,-48.93558425251444,0
3.0,1.25,2.0,0.15,0.35,2024-05-29 00:00:00+00:00,2026-05-29 00:00:00+00:00,21.25880884457758,1.2125880884457758,-48.04172030914652,0
