symbol,strategy,timeframe,leverage,data_start,data_end,bars,total_return_pct,cagr_pct,mdd_pct,profit_factor,sharpe,win_rate_pct,trades,liquidations,final_equity_krw
BTCUSDT,"Supertrend 10,3",4h,1.0,2017-08-17 04:00:00+00:00,2026-08-21 20:00:00+00:00,19735,2738.333399808153,44.95444847400394,-46.33104732623241,1.4386064094390045,1.0714928582960395,40.45454545454545,220,0,283833339.9808153
BTCUSDT,Donchian 20/10,4h,1.0,2017-08-17 04:00:00+00:00,2026-08-21 20:00:00+00:00,19735,1255.0306359993046,33.53674536690647,-64.99643009835054,1.3581895408049631,0.9231200640135494,39.84674329501915,261,0,135503063.59993047
BTCUSDT,Donchian 20/10,4h,2.0,2017-08-17 04:00:00+00:00,2026-08-21 20:00:00+00:00,19735,3157.513529154695,47.187006563145275,-89.3430499632881,1.2058280281168263,0.8921161980573157,39.84674329501915,261,0,325751352.9154695
BTCUSDT,"Supertrend 40,3",1h,1.0,2017-08-17 04:00:00+00:00,2026-08-21 23:00:00+00:00,78876,567.5687251155686,23.447526210675186,-75.84483975556408,1.1069395499107049,0.6742716863776095,36.104513064133016,842,0,66756872.51155686
BTCUSDT,Donchian 80/40,1h,1.0,2017-08-17 04:00:00+00:00,2026-08-21 23:00:00+00:00,78876,1232.4398099164132,33.2864111139072,-55.82887013001159,1.3619202154817234,0.9116184872482447,39.67213114754099,305,0,133243980.99164131
BTCUSDT,Donchian 80/40,1h,2.0,2017-08-17 04:00:00+00:00,2026-08-21 23:00:00+00:00,78876,4009.85478900849,51.0299148418113,-82.51179889873704,1.2368001204183785,0.9240145172582988,39.67213114754099,305,0,410985478.90084904
ETHUSDT,"Supertrend 10,3",4h,1.0,2017-08-17 04:00:00+00:00,2026-08-21 20:00:00+00:00,19735,1398.4878751127044,35.03619284271995,-68.47719887164001,1.2443243348018875,0.8223548117714566,33.93665158371041,221,0,149848787.51127043
ETHUSDT,Donchian 20/10,4h,1.0,2017-08-17 04:00:00+00:00,2026-08-21 20:00:00+00:00,19735,615.5445646054616,24.40283296292236,-66.81054924447338,1.164528314592155,0.6870837066187655,32.12996389891697,277,0,71554456.46054615
ETHUSDT,Donchian 20/10,4h,2.0,2017-08-17 04:00:00+00:00,2026-08-21 20:00:00+00:00,19735,-100.0,-100.0,-100.0,0.0,-0.3923470407095315,0.0,1,0,0.0
ETHUSDT,"Supertrend 40,3",1h,1.0,2017-08-17 04:00:00+00:00,2026-08-21 23:00:00+00:00,78876,225.05760165430812,13.9737482401332,-75.37388519967816,1.0443951829317628,0.518435980643183,38.324022346368714,895,0,32505760.165430814
ETHUSDT,Donchian 80/40,1h,1.0,2017-08-17 04:00:00+00:00,2026-08-21 23:00:00+00:00,78876,1453.3984902111795,35.574941952187885,-63.972447918049255,1.2638036033302187,0.8416651383649033,38.58520900321543,311,0,155339849.02111796
ETHUSDT,Donchian 80/40,1h,2.0,2017-08-17 04:00:00+00:00,2026-08-21 23:00:00+00:00,78876,-100.0,-100.0,-100.0,0.0,-0.3819693078023844,0.0,1,0,0.0
BNBUSDT,"Supertrend 10,3",4h,1.0,2017-11-06 00:00:00+00:00,2026-08-21 20:00:00+00:00,19250,6246.063972192494,60.33953193978485,-75.92795010900116,1.280710406573012,1.0381929054150074,43.05555555555556,216,0,634606397.2192494
BNBUSDT,Donchian 20/10,4h,1.0,2017-11-06 00:00:00+00:00,2026-08-21 20:00:00+00:00,19250,11185.481007564664,71.19090352957778,-55.53109384504079,1.3552297057405525,1.195852172644334,43.984962406015036,266,0,1128548100.7564664
BNBUSDT,Donchian 20/10,4h,2.0,2017-11-06 00:00:00+00:00,2026-08-21 20:00:00+00:00,19250,64250.892966020685,108.68056916850621,-79.57988560974735,1.173393990374837,1.2165195525395085,43.984962406015036,266,0,6435089296.602068
BNBUSDT,"Supertrend 40,3",1h,1.0,2017-11-06 03:00:00+00:00,2026-08-21 23:00:00+00:00,76939,236.95703352230794,14.818872981983166,-80.95667071038926,1.0376672986391058,0.5420910495856155,38.504464285714285,896,0,33695703.352230795
BNBUSDT,Donchian 80/40,1h,1.0,2017-11-06 03:00:00+00:00,2026-08-21 23:00:00+00:00,76939,8244.929110824047,65.41235145369855,-59.81240002713366,1.2952053132018984,1.1094403858750557,40.0,315,0,834492911.0824047
BNBUSDT,Donchian 80/40,1h,2.0,2017-11-06 03:00:00+00:00,2026-08-21 23:00:00+00:00,76939,34092.43736891067,94.19703756973811,-82.95624778084114,1.1356272446450324,1.1471191168059607,40.0,315,0,3419243736.8910675
XRPUSDT,"Supertrend 10,3",4h,1.0,2018-05-04 08:00:00+00:00,2026-08-21 20:00:00+00:00,18181,487.5029159085969,23.780490720214754,-83.3212131892371,1.1152789769966127,0.6493246561028755,31.351351351351354,185,0,58750291.59085969
XRPUSDT,Donchian 20/10,4h,1.0,2018-05-04 08:00:00+00:00,2026-08-21 20:00:00+00:00,18181,2740.350414294603,49.660016009121534,-61.696315830106464,1.4094935022734931,0.9547016650563653,33.63636363636363,220,0,284035041.4294603
XRPUSDT,Donchian 20/10,4h,2.0,2018-05-04 08:00:00+00:00,2026-08-21 20:00:00+00:00,18181,2664.2946377884427,49.17140824534574,-89.60226803054667,1.1733945663720768,0.8987946775087944,33.63636363636363,220,0,276429463.7788443
XRPUSDT,"Supertrend 40,3",1h,1.0,2018-05-04 08:00:00+00:00,2026-08-21 23:00:00+00:00,72672,11.094167559301283,1.2755865530603039,-84.90565943619968,1.0108708810756226,0.35869216859383396,34.538653366583546,802,0,11109416.755930128
XRPUSDT,Donchian 80/40,1h,1.0,2018-05-04 08:00:00+00:00,2026-08-21 23:00:00+00:00,72672,1001.0021503409268,33.50944766957562,-70.46404841801407,1.281588151241817,0.7693432578824336,30.855018587360593,269,0,110100215.03409268
XRPUSDT,Donchian 80/40,1h,2.0,2018-05-04 08:00:00+00:00,2026-08-21 23:00:00+00:00,72672,242.99428710608794,16.008552538292207,-94.15773968000475,1.0650563163341857,0.7075658213204296,30.855018587360593,269,0,34299428.710608795
ADAUSDT,"Supertrend 10,3",4h,1.0,2018-04-17 04:00:00+00:00,2026-08-21 20:00:00+00:00,18284,353.87470620513193,19.868084844166646,-81.92016345084402,1.0793363037211663,0.604310589102719,36.633663366336634,202,0,45387470.62051319
ADAUSDT,Donchian 20/10,4h,1.0,2018-04-17 04:00:00+00:00,2026-08-21 20:00:00+00:00,18284,207.5617701392984,14.407963125001544,-80.24959964847935,1.0802462892384392,0.5258521141475708,34.63035019455253,257,0,30756177.01392984
ADAUSDT,Donchian 20/10,4h,2.0,2018-04-17 04:00:00+00:00,2026-08-21 20:00:00+00:00,18284,-17.97938236797171,-2.3465403002155827,-98.47965097516264,0.9964512808915172,0.5474019632969351,34.63035019455253,257,0,8202061.763202829
ADAUSDT,"Supertrend 40,3",1h,1.0,2018-04-17 04:00:00+00:00,2026-08-21 23:00:00+00:00,73084,197.5650392438675,13.955341336091198,-84.70483883727033,1.0399900374975342,0.5391434021483594,37.36128236744759,811,0,29756503.924386747
ADAUSDT,Donchian 80/40,1h,1.0,2018-04-17 04:00:00+00:00,2026-08-21 23:00:00+00:00,73084,1340.7679127506897,37.65707037758386,-69.14584799476206,1.2277947214991003,0.8175254172792695,35.35714285714286,280,0,144076791.27506897
ADAUSDT,Donchian 80/40,1h,2.0,2018-04-17 04:00:00+00:00,2026-08-21 23:00:00+00:00,73084,1578.1035090646426,40.19489002420742,-93.07202579518784,1.078843540401863,0.8764575451589841,35.35714285714286,280,0,167810350.90646428
DOGEUSDT,"Supertrend 10,3",4h,1.0,2019-07-05 12:00:00+00:00,2026-08-21 20:00:00+00:00,15625,3477.950284080013,65.15362604210462,-83.13566679451263,1.2746202372666577,0.9357469236140079,38.62068965517241,145,0,357795028.40800124
DOGEUSDT,Donchian 20/10,4h,1.0,2019-07-05 12:00:00+00:00,2026-08-21 20:00:00+00:00,15625,9839.101317921966,90.59707767790877,-73.39778061483987,1.1815060553474548,1.0801688194124848,34.054054054054056,185,0,993910131.7921966
DOGEUSDT,Donchian 20/10,4h,2.0,2019-07-05 12:00:00+00:00,2026-08-21 20:00:00+00:00,15625,22466.43434023796,113.8254510099796,-92.62410397131003,1.0405198788920413,1.1606950255272392,34.054054054054056,185,0,2256643434.023796
DOGEUSDT,"Supertrend 40,3",1h,1.0,2019-07-05 12:00:00+00:00,2026-08-21 23:00:00+00:00,62464,454.69198234903183,27.158065520536834,-91.04745319277568,1.054943932236527,0.6950087487783048,37.014925373134325,670,0,55469198.23490319
DOGEUSDT,Donchian 80/40,1h,1.0,2019-07-05 12:00:00+00:00,2026-08-21 23:00:00+00:00,62464,15739.65516844425,103.46356526411809,-72.44617949510076,1.248807620756905,1.2208301188263675,35.18518518518518,216,0,1583965516.844425
DOGEUSDT,Donchian 80/40,1h,2.0,2019-07-05 12:00:00+00:00,2026-08-21 23:00:00+00:00,62464,53703.916232880576,141.52510308255236,-84.65676174220465,1.0804583455407486,1.2993680016186697,35.18518518518518,216,0,5380391623.288057
LINKUSDT,"Supertrend 10,3",4h,1.0,2019-01-16 08:00:00+00:00,2026-08-21 20:00:00+00:00,16643,493.7896186526124,26.427932707965596,-84.11110034157404,1.063472598638633,0.6816864384228174,37.17277486910995,191,0,59378961.865261234
LINKUSDT,Donchian 20/10,4h,1.0,2019-01-16 08:00:00+00:00,2026-08-21 20:00:00+00:00,16643,88.43545984721631,8.698395829890249,-90.9975803778677,1.0239654892281487,0.46125537440482334,34.146341463414636,246,0,18843545.98472163
LINKUSDT,Donchian 20/10,4h,2.0,2019-01-16 08:00:00+00:00,2026-08-21 20:00:00+00:00,16643,-81.12368168974416,-19.706601180392557,-99.78756011021449,0.9911464741492416,0.4523202827419517,34.146341463414636,246,0,1887631.8310255832
LINKUSDT,"Supertrend 40,3",1h,1.0,2019-01-16 10:00:00+00:00,2026-08-21 23:00:00+00:00,66530,-37.43062615530322,-5.985912782841152,-84.17364360781995,0.9794481204892921,0.3050727624598584,41.80645161290323,775,0,6256937.384469678
LINKUSDT,Donchian 80/40,1h,1.0,2019-01-16 10:00:00+00:00,2026-08-21 23:00:00+00:00,66530,420.37305972457307,24.249930541193578,-83.08654459675124,1.0621512814963874,0.6598267559008285,37.5886524822695,282,0,52037305.972457305
LINKUSDT,Donchian 80/40,1h,2.0,2019-01-16 10:00:00+00:00,2026-08-21 23:00:00+00:00,66530,101.50568639772426,9.662106057479459,-98.85410562162492,1.0041095179990769,0.7103648485537949,37.5886524822695,282,0,20150568.639772426
LTCUSDT,"Supertrend 10,3",4h,1.0,2017-12-13 00:00:00+00:00,2026-08-21 20:00:00+00:00,19028,-1.078495504046384,-0.12470880049459954,-84.13471396115489,0.998796852690715,0.30930143620696193,36.18090452261307,199,0,9892150.449595362
LTCUSDT,Donchian 20/10,4h,1.0,2017-12-13 00:00:00+00:00,2026-08-21 20:00:00+00:00,19028,-84.49670407015643,-19.30724012880749,-87.00659769568288,0.7094051907574274,-0.10003058615415063,35.984848484848484,264,0,1550329.5929843576
LTCUSDT,Donchian 20/10,4h,2.0,2017-12-13 00:00:00+00:00,2026-08-21 20:00:00+00:00,19028,-100.0,-100.0,-100.0,0.2611988381016477,-0.07976537632975993,36.86440677966102,236,1,0.0
LTCUSDT,"Supertrend 40,3",1h,1.0,2017-12-13 03:00:00+00:00,2026-08-21 23:00:00+00:00,76051,-94.92451703019334,-29.037770796757346,-96.49299348312118,0.846495848141644,-0.194765128779984,36.86690223792697,849,0,507548.2969806657
LTCUSDT,Donchian 80/40,1h,1.0,2017-12-13 03:00:00+00:00,2026-08-21 23:00:00+00:00,76051,-91.33050625137412,-24.52813729096387,-95.71598250522352,0.7855371127930515,-0.18886529021843787,33.22884012539185,319,0,866949.3748625884
LTCUSDT,Donchian 80/40,1h,2.0,2017-12-13 03:00:00+00:00,2026-08-21 23:00:00+00:00,76051,-100.0,-100.0,-100.0,0.5498098351548758,-0.18506315200189757,33.91608391608392,286,1,0.0
SOLUSDT,"Supertrend 10,3",4h,1.0,2020-08-11 04:00:00+00:00,2026-08-21 20:00:00+00:00,13211,1941.9234555602873,64.94046544460818,-76.11931644765781,1.2127350606524345,1.0062379905199348,39.473684210526315,152,0,204192345.55602872
SOLUSDT,Donchian 20/10,4h,1.0,2020-08-11 04:00:00+00:00,2026-08-21 20:00:00+00:00,13211,1596.650026104055,59.949003426764214,-77.49046106697683,1.2524666602797463,0.9927610961312654,39.361702127659576,188,0,169665002.6104055
SOLUSDT,Donchian 20/10,4h,2.0,2020-08-11 04:00:00+00:00,2026-08-21 20:00:00+00:00,13211,2113.0653053016763,67.1575473040457,-95.56370443727674,1.094996949899502,1.0465802360216547,39.361702127659576,188,0,221306530.53016764
SOLUSDT,"Supertrend 40,3",1h,1.0,2020-08-11 06:00:00+00:00,2026-08-21 23:00:00+00:00,52822,-82.77432696872208,-25.305454931167283,-89.1174181302234,0.8815344246959058,0.06012097604387213,37.34756097560975,656,0,1722567.3031277924
SOLUSDT,Donchian 80/40,1h,1.0,2020-08-11 06:00:00+00:00,2026-08-21 23:00:00+00:00,52822,1160.6342053515375,52.2570025834241,-67.7679976052964,1.2003737067263927,0.929037156654995,37.5,216,0,126063420.53515375
SOLUSDT,Donchian 80/40,1h,2.0,2020-08-11 06:00:00+00:00,2026-08-21 23:00:00+00:00,52822,812.0703883568401,44.297758743702495,-90.28083493326577,1.0643004615980844,0.9578067505606566,37.5,216,0,91207038.83568402
AVAXUSDT,"Supertrend 10,3",4h,1.0,2020-09-22 04:00:00+00:00,2026-08-21 20:00:00+00:00,12959,3480.083755557598,83.14462643671663,-73.80399108063,1.132509454890851,1.1388516525816648,36.496350364963504,137,0,358008375.5557598
AVAXUSDT,Donchian 20/10,4h,1.0,2020-09-22 04:00:00+00:00,2026-08-21 20:00:00+00:00,12959,1529.9120813903855,60.32491656729411,-75.58389098096117,1.1366966675063859,1.005622916089789,35.79545454545455,176,0,162991208.13903856
AVAXUSDT,Donchian 20/10,4h,2.0,2020-09-22 04:00:00+00:00,2026-08-21 20:00:00+00:00,12959,925.2172163956984,48.234410475573995,-95.145619302242,1.0267831742537978,0.9336644542038639,35.79545454545455,176,0,102521721.63956985
AVAXUSDT,"Supertrend 40,3",1h,1.0,2020-09-22 06:00:00+00:00,2026-08-21 23:00:00+00:00,51814,301.75267783793754,26.51425049742413,-80.9844735679291,1.0460834010964957,0.6915736301530723,39.285714285714285,616,0,40175267.783793755
AVAXUSDT,Donchian 80/40,1h,1.0,2020-09-22 06:00:00+00:00,2026-08-21 23:00:00+00:00,51814,413.1711503180947,31.8612304448604,-82.76133864152236,1.081648844392238,0.7411152430935036,34.13461538461539,208,0,51317115.031809464
AVAXUSDT,Donchian 80/40,1h,2.0,2020-09-22 06:00:00+00:00,2026-08-21 23:00:00+00:00,51814,9.661573375969379,1.571969986761279,-98.27034460712596,1.0010825480245542,0.67304914562266,34.13461538461539,208,0,10966157.337596938
