single,pair_total,ultra,p1,p2,trail,edge,max_total,start,end,return_pct,multiple,mdd_pct,liquidated
0.8,1.0,1.5,1.25,1.75,0.12,0.035,2.5,2018-01-01 00:00:00+00:00,2020-01-01 00:00:00+00:00,120.5725340637068,2.205725340637068,-45.91107255514193,0
0.8,1.0,1.5,1.25,1.75,0.12,0.035,2.5,2018-06-30 00:00:00+00:00,2020-06-29 00:00:00+00:00,-19.169102940322556,0.8083089705967744,-45.78223896456891,0
0.8,1.0,1.5,1.25,1.75,0.12,0.035,2.5,2018-12-27 00:00:00+00:00,2020-12-26 00:00:00+00:00,34.92410003349611,1.349241000334961,-45.80695708824777,0
0.8,1.0,1.5,1.25,1.75,0.12,0.035,2.5,2019-06-25 00:00:00+00:00,2021-06-24 00:00:00+00:00,3096.2922371778072,31.962922371778074,-45.57131028017876,0
0.8,1.0,1.5,1.25,1.75,0.12,0.035,2.5,2019-12-22 00:00:00+00:00,2021-12-21 00:00:00+00:00,3546.53183701222,36.4653183701222,-46.99123437717129,0
0.8,1.0,1.5,1.25,1.75,0.12,0.035,2.5,2020-06-19 00:00:00+00:00,2022-06-19 00:00:00+00:00,5001.662487025158,51.016624870251576,-46.99123437717117,0
0.8,1.0,1.5,1.25,1.75,0.12,0.035,2.5,2020-12-16 00:00:00+00:00,2022-12-16 00:00:00+00:00,1462.335194736318,15.623351947363181,-56.75546792727394,0
0.8,1.0,1.5,1.25,1.75,0.12,0.035,2.5,2021-06-14 00:00:00+00:00,2023-06-14 00:00:00+00:00,-19.465366295626964,0.8053463370437304,-56.755467927274026,0
0.8,1.0,1.5,1.25,1.75,0.12,0.035,2.5,2021-12-11 00:00:00+00:00,2023-12-11 00:00:00+00:00,-9.07755466395066,0.9092244533604934,-51.32159748678853,0
0.8,1.0,1.5,1.25,1.75,0.12,0.035,2.5,2022-06-09 00:00:00+00:00,2024-06-08 00:00:00+00:00,-9.186544417004793,0.9081345558299521,-42.61122253627426,0
0.8,1.0,1.5,1.25,1.75,0.12,0.035,2.5,2022-12-06 00:00:00+00:00,2024-12-05 00:00:00+00:00,176.61376624988412,2.766137662498841,-42.48299253546456,0
0.8,1.0,1.5,1.25,1.75,0.12,0.035,2.5,2023-06-04 00:00:00+00:00,2025-06-03 00:00:00+00:00,204.69099848611262,3.0469099848611263,-42.48299253546437,0
0.8,1.0,1.5,1.25,1.75,0.12,0.035,2.5,2023-12-01 00:00:00+00:00,2025-11-30 00:00:00+00:00,137.47773342810592,2.374777334281059,-50.516047072611215,0
0.8,1.0,1.5,1.25,1.75,0.12,0.035,2.5,2024-05-29 00:00:00+00:00,2026-05-29 00:00:00+00:00,42.57541077709217,1.4257541077709217,-59.93153432450589,0
0.8,1.0,1.5,1.25,1.75,0.18,0.035,2.5,2018-01-01 00:00:00+00:00,2020-01-01 00:00:00+00:00,155.62033905109564,2.5562033905109565,-45.489086397400534,0
0.8,1.0,1.5,1.25,1.75,0.18,0.035,2.5,2018-06-30 00:00:00+00:00,2020-06-29 00:00:00+00:00,-8.731307609363492,0.9126869239063651,-49.177251733054504,0
0.8,1.0,1.5,1.25,1.75,0.18,0.035,2.5,2018-12-27 00:00:00+00:00,2020-12-26 00:00:00+00:00,29.78997775843306,1.2978997775843306,-50.016352964458456,0
0.8,1.0,1.5,1.25,1.75,0.18,0.035,2.5,2019-06-25 00:00:00+00:00,2021-06-24 00:00:00+00:00,2981.5612154612386,30.815612154612385,-49.17725173305472,0
0.8,1.0,1.5,1.25,1.75,0.18,0.035,2.5,2019-12-22 00:00:00+00:00,2021-12-21 00:00:00+00:00,3628.8497237033207,37.288497237033205,-45.77854944514921,0
0.8,1.0,1.5,1.25,1.75,0.18,0.035,2.5,2020-06-19 00:00:00+00:00,2022-06-19 00:00:00+00:00,5011.463247289415,51.11463247289416,-49.18123273278625,0
0.8,1.0,1.5,1.25,1.75,0.18,0.035,2.5,2020-12-16 00:00:00+00:00,2022-12-16 00:00:00+00:00,1631.7837335186177,17.317837335186177,-59.5779428425727,0
0.8,1.0,1.5,1.25,1.75,0.18,0.035,2.5,2021-06-14 00:00:00+00:00,2023-06-14 00:00:00+00:00,-13.063167479188865,0.8693683252081114,-59.57794284257216,0
0.8,1.0,1.5,1.25,1.75,0.18,0.035,2.5,2021-12-11 00:00:00+00:00,2023-12-11 00:00:00+00:00,-8.786845650184949,0.9121315434981505,-52.525366445406206,0
0.8,1.0,1.5,1.25,1.75,0.18,0.035,2.5,2022-06-09 00:00:00+00:00,2024-06-08 00:00:00+00:00,-4.3811490188262585,0.9561885098117374,-39.766148415521776,0
0.8,1.0,1.5,1.25,1.75,0.18,0.035,2.5,2022-12-06 00:00:00+00:00,2024-12-05 00:00:00+00:00,248.9471345439571,3.489471345439571,-44.383310875448046,0
0.8,1.0,1.5,1.25,1.75,0.18,0.035,2.5,2023-06-04 00:00:00+00:00,2025-06-03 00:00:00+00:00,103.78361383349373,2.0378361383349373,-44.383310875448366,0
0.8,1.0,1.5,1.25,1.75,0.18,0.035,2.5,2023-12-01 00:00:00+00:00,2025-11-30 00:00:00+00:00,96.07332942383742,1.9607332942383742,-50.42811033409229,0
0.8,1.0,1.5,1.25,1.75,0.18,0.035,2.5,2024-05-29 00:00:00+00:00,2026-05-29 00:00:00+00:00,33.25594583821028,1.3325594583821028,-59.86032962115273,0
0.8,1.0,2.0,1.5,2.25,0.12,0.035,2.5,2018-01-01 00:00:00+00:00,2020-01-01 00:00:00+00:00,136.8018118094849,2.3680181180948487,-43.89588599497215,0
0.8,1.0,2.0,1.5,2.25,0.12,0.035,2.5,2018-06-30 00:00:00+00:00,2020-06-29 00:00:00+00:00,-19.16439303908981,0.8083560696091019,-52.91773249246785,0
0.8,1.0,2.0,1.5,2.25,0.12,0.035,2.5,2018-12-27 00:00:00+00:00,2020-12-26 00:00:00+00:00,43.82476282868577,1.4382476282868577,-52.23153441463806,0
0.8,1.0,2.0,1.5,2.25,0.12,0.035,2.5,2019-06-25 00:00:00+00:00,2021-06-24 00:00:00+00:00,9513.373992071614,96.13373992071614,-50.11545966726156,0
0.8,1.0,2.0,1.5,2.25,0.12,0.035,2.5,2019-12-22 00:00:00+00:00,2021-12-21 00:00:00+00:00,9618.350187526867,97.18350187526866,-52.43317433014947,0
0.8,1.0,2.0,1.5,2.25,0.12,0.035,2.5,2020-06-19 00:00:00+00:00,2022-06-19 00:00:00+00:00,13956.66107991556,140.5666107991556,-54.723722962115964,0
0.8,1.0,2.0,1.5,2.25,0.12,0.035,2.5,2020-12-16 00:00:00+00:00,2022-12-16 00:00:00+00:00,1662.159799309639,17.62159799309639,-65.33644119737113,0
0.8,1.0,2.0,1.5,2.25,0.12,0.035,2.5,2021-06-14 00:00:00+00:00,2023-06-14 00:00:00+00:00,-24.66247440159899,0.7533752559840101,-65.33644119737139,0
0.8,1.0,2.0,1.5,2.25,0.12,0.035,2.5,2021-12-11 00:00:00+00:00,2023-12-11 00:00:00+00:00,-8.587815141582421,0.9141218485841758,-54.022355221488816,0
0.8,1.0,2.0,1.5,2.25,0.12,0.035,2.5,2022-06-09 00:00:00+00:00,2024-06-08 00:00:00+00:00,-10.006963121094303,0.899930368789057,-45.9985798432095,0
0.8,1.0,2.0,1.5,2.25,0.12,0.035,2.5,2022-12-06 00:00:00+00:00,2024-12-05 00:00:00+00:00,166.20146020975048,2.662014602097505,-46.78883669139512,0
0.8,1.0,2.0,1.5,2.25,0.12,0.035,2.5,2023-06-04 00:00:00+00:00,2025-06-03 00:00:00+00:00,151.63745324644938,2.5163745324644937,-46.78883669139494,0
0.8,1.0,2.0,1.5,2.25,0.12,0.035,2.5,2023-12-01 00:00:00+00:00,2025-11-30 00:00:00+00:00,79.25663842608937,1.7925663842608937,-55.12408609756285,0
0.8,1.0,2.0,1.5,2.25,0.12,0.035,2.5,2024-05-29 00:00:00+00:00,2026-05-29 00:00:00+00:00,35.13338305360541,1.351333830536054,-63.84200887920413,0
0.8,1.0,2.0,1.5,2.25,0.18,0.035,2.5,2018-01-01 00:00:00+00:00,2020-01-01 00:00:00+00:00,165.2372152322863,2.652372152322863,-46.65023844048191,0
0.8,1.0,2.0,1.5,2.25,0.18,0.035,2.5,2018-06-30 00:00:00+00:00,2020-06-29 00:00:00+00:00,-22.828175913251147,0.7717182408674885,-55.04663588214493,0
0.8,1.0,2.0,1.5,2.25,0.18,0.035,2.5,2018-12-27 00:00:00+00:00,2020-12-26 00:00:00+00:00,-3.042267191415904,0.969577328085841,-56.13902272454878,0
0.8,1.0,2.0,1.5,2.25,0.18,0.035,2.5,2019-06-25 00:00:00+00:00,2021-06-24 00:00:00+00:00,1567.171781080479,16.67171781080479,-55.97953017155275,0
0.8,1.0,2.0,1.5,2.25,0.18,0.035,2.5,2019-12-22 00:00:00+00:00,2021-12-21 00:00:00+00:00,2891.914253395574,29.919142533955743,-52.864144617398104,0
0.8,1.0,2.0,1.5,2.25,0.18,0.035,2.5,2020-06-19 00:00:00+00:00,2022-06-19 00:00:00+00:00,4053.8259258508774,41.53825925850877,-58.54811422088835,0
0.8,1.0,2.0,1.5,2.25,0.18,0.035,2.5,2020-12-16 00:00:00+00:00,2022-12-16 00:00:00+00:00,1635.2429957067643,17.352429957067642,-68.95127845661487,0
0.8,1.0,2.0,1.5,2.25,0.18,0.035,2.5,2021-06-14 00:00:00+00:00,2023-06-14 00:00:00+00:00,-11.68336161346275,0.8831663838653725,-68.95127845661504,0
0.8,1.0,2.0,1.5,2.25,0.18,0.035,2.5,2021-12-11 00:00:00+00:00,2023-12-11 00:00:00+00:00,-4.187835847375066,0.9581216415262493,-56.1182338177424,0
0.8,1.0,2.0,1.5,2.25,0.18,0.035,2.5,2022-06-09 00:00:00+00:00,2024-06-08 00:00:00+00:00,-13.166724385643036,0.8683327561435696,-46.388208311579994,0
0.8,1.0,2.0,1.5,2.25,0.18,0.035,2.5,2022-12-06 00:00:00+00:00,2024-12-05 00:00:00+00:00,205.66013748676414,3.0566013748676415,-51.75396871358784,0
0.8,1.0,2.0,1.5,2.25,0.18,0.035,2.5,2023-06-04 00:00:00+00:00,2025-06-03 00:00:00+00:00,87.35949120137671,1.8735949120137672,-51.75396871358766,0
0.8,1.0,2.0,1.5,2.25,0.18,0.035,2.5,2023-12-01 00:00:00+00:00,2025-11-30 00:00:00+00:00,46.63306118216353,1.4663306118216353,-55.679605038555394,0
0.8,1.0,2.0,1.5,2.25,0.18,0.035,2.5,2024-05-29 00:00:00+00:00,2026-05-29 00:00:00+00:00,47.78881921291733,1.4778881921291733,-64.28960865353964,0
1.0,1.2,1.5,1.25,1.75,0.12,0.035,2.5,2018-01-01 00:00:00+00:00,2020-01-01 00:00:00+00:00,182.92696601597643,2.829269660159764,-43.35551192827957,0
1.0,1.2,1.5,1.25,1.75,0.12,0.035,2.5,2018-06-30 00:00:00+00:00,2020-06-29 00:00:00+00:00,-8.358429808202706,0.916415701917973,-48.06089915999138,0
1.0,1.2,1.5,1.25,1.75,0.12,0.035,2.5,2018-12-27 00:00:00+00:00,2020-12-26 00:00:00+00:00,84.04266530388884,1.8404266530388884,-48.06089915999161,0
1.0,1.2,1.5,1.25,1.75,0.12,0.035,2.5,2019-06-25 00:00:00+00:00,2021-06-24 00:00:00+00:00,4438.846126500731,45.38846126500731,-48.06089915999129,0
1.0,1.2,1.5,1.25,1.75,0.12,0.035,2.5,2019-12-22 00:00:00+00:00,2021-12-21 00:00:00+00:00,6440.372856197559,65.40372856197558,-48.79390826349409,0
1.0,1.2,1.5,1.25,1.75,0.12,0.035,2.5,2020-06-19 00:00:00+00:00,2022-06-19 00:00:00+00:00,8740.724010270851,88.40724010270851,-49.43454802786389,0
1.0,1.2,1.5,1.25,1.75,0.12,0.035,2.5,2020-12-16 00:00:00+00:00,2022-12-16 00:00:00+00:00,2171.293396271792,22.71293396271792,-60.257962138639655,0
1.0,1.2,1.5,1.25,1.75,0.12,0.035,2.5,2021-06-14 00:00:00+00:00,2023-06-14 00:00:00+00:00,6.355210996392713,1.0635521099639271,-59.73695239358206,0
1.0,1.2,1.5,1.25,1.75,0.12,0.035,2.5,2021-12-11 00:00:00+00:00,2023-12-11 00:00:00+00:00,-5.324566450914858,0.9467543354908514,-54.13709036487392,0
1.0,1.2,1.5,1.25,1.75,0.12,0.035,2.5,2022-06-09 00:00:00+00:00,2024-06-08 00:00:00+00:00,-0.37467784693605566,0.9962532215306394,-43.809134585524234,0
1.0,1.2,1.5,1.25,1.75,0.12,0.035,2.5,2022-12-06 00:00:00+00:00,2024-12-05 00:00:00+00:00,183.90320329569204,2.8390320329569203,-45.10638587053769,0
1.0,1.2,1.5,1.25,1.75,0.12,0.035,2.5,2023-06-04 00:00:00+00:00,2025-06-03 00:00:00+00:00,144.47922500801772,2.444792250080177,-45.10638587053766,0
1.0,1.2,1.5,1.25,1.75,0.12,0.035,2.5,2023-12-01 00:00:00+00:00,2025-11-30 00:00:00+00:00,129.25550608601864,2.2925550608601863,-52.083182525661,0
1.0,1.2,1.5,1.25,1.75,0.12,0.035,2.5,2024-05-29 00:00:00+00:00,2026-05-29 00:00:00+00:00,33.770409259303236,1.3377040925930324,-62.75358708912968,0
1.0,1.2,1.5,1.25,1.75,0.18,0.035,2.5,2018-01-01 00:00:00+00:00,2020-01-01 00:00:00+00:00,244.62304458328808,3.4462304458328807,-46.48141378827981,0
1.0,1.2,1.5,1.25,1.75,0.18,0.035,2.5,2018-06-30 00:00:00+00:00,2020-06-29 00:00:00+00:00,-10.59061492561244,0.8940938507438756,-50.967272196556465,0
1.0,1.2,1.5,1.25,1.75,0.18,0.035,2.5,2018-12-27 00:00:00+00:00,2020-12-26 00:00:00+00:00,65.06863857122482,1.6506863857122482,-50.967272196556564,0
1.0,1.2,1.5,1.25,1.75,0.18,0.035,2.5,2019-06-25 00:00:00+00:00,2021-06-24 00:00:00+00:00,3601.347414835786,37.01347414835786,-50.96727219655659,0
1.0,1.2,1.5,1.25,1.75,0.18,0.035,2.5,2019-12-22 00:00:00+00:00,2021-12-21 00:00:00+00:00,5046.035966287772,51.46035966287772,-49.003472334445284,0
1.0,1.2,1.5,1.25,1.75,0.18,0.035,2.5,2020-06-19 00:00:00+00:00,2022-06-19 00:00:00+00:00,6881.8469411676715,69.81846941167672,-49.9046129574286,0
1.0,1.2,1.5,1.25,1.75,0.18,0.035,2.5,2020-12-16 00:00:00+00:00,2022-12-16 00:00:00+00:00,2300.2938766814445,24.002938766814445,-60.71644438211745,0
1.0,1.2,1.5,1.25,1.75,0.18,0.035,2.5,2021-06-14 00:00:00+00:00,2023-06-14 00:00:00+00:00,28.974250520785105,1.289742505207851,-60.71644438211775,0
1.0,1.2,1.5,1.25,1.75,0.18,0.035,2.5,2021-12-11 00:00:00+00:00,2023-12-11 00:00:00+00:00,-4.943979741607496,0.950560202583925,-54.8119255136583,0
1.0,1.2,1.5,1.25,1.75,0.18,0.035,2.5,2022-06-09 00:00:00+00:00,2024-06-08 00:00:00+00:00,-7.319686537434422,0.9268031346256558,-41.66030578918514,0
1.0,1.2,1.5,1.25,1.75,0.18,0.035,2.5,2022-12-06 00:00:00+00:00,2024-12-05 00:00:00+00:00,173.74405855994692,2.7374405855994692,-46.330110220334696,0
1.0,1.2,1.5,1.25,1.75,0.18,0.035,2.5,2023-06-04 00:00:00+00:00,2025-06-03 00:00:00+00:00,71.96997442756708,1.7196997442756707,-46.33011022033485,0
1.0,1.2,1.5,1.25,1.75,0.18,0.035,2.5,2023-12-01 00:00:00+00:00,2025-11-30 00:00:00+00:00,55.789531039372456,1.5578953103937245,-53.43165140848733,0
1.0,1.2,1.5,1.25,1.75,0.18,0.035,2.5,2024-05-29 00:00:00+00:00,2026-05-29 00:00:00+00:00,21.691411350727762,1.2169141135072776,-63.801770826167704,0
1.0,1.2,2.0,1.5,2.25,0.12,0.035,2.5,2018-01-01 00:00:00+00:00,2020-01-01 00:00:00+00:00,126.1367727678802,2.261367727678802,-45.478919901524975,0
1.0,1.2,2.0,1.5,2.25,0.12,0.035,2.5,2018-06-30 00:00:00+00:00,2020-06-29 00:00:00+00:00,-20.994335420569865,0.7900566457943013,-53.53109212875913,0
1.0,1.2,2.0,1.5,2.25,0.12,0.035,2.5,2018-12-27 00:00:00+00:00,2020-12-26 00:00:00+00:00,66.93545176542047,1.6693545176542046,-54.00167220701615,0
1.0,1.2,2.0,1.5,2.25,0.12,0.035,2.5,2019-06-25 00:00:00+00:00,2021-06-24 00:00:00+00:00,10548.559950729568,106.48559950729569,-52.188862517560295,0
1.0,1.2,2.0,1.5,2.25,0.12,0.035,2.5,2019-12-22 00:00:00+00:00,2021-12-21 00:00:00+00:00,15667.481344181484,157.67481344181485,-53.58871857832537,0
1.0,1.2,2.0,1.5,2.25,0.12,0.035,2.5,2020-06-19 00:00:00+00:00,2022-06-19 00:00:00+00:00,19110.59392089837,192.1059392089837,-56.05215660254754,0
1.0,1.2,2.0,1.5,2.25,0.12,0.035,2.5,2020-12-16 00:00:00+00:00,2022-12-16 00:00:00+00:00,1966.256282322281,20.66256282322281,-67.0151592504164,0
1.0,1.2,2.0,1.5,2.25,0.12,0.035,2.5,2021-06-14 00:00:00+00:00,2023-06-14 00:00:00+00:00,-12.662760128611538,0.8733723987138846,-67.01515925041616,0
1.0,1.2,2.0,1.5,2.25,0.12,0.035,2.5,2021-12-11 00:00:00+00:00,2023-12-11 00:00:00+00:00,-6.911433409551804,0.930885665904482,-56.836481368825865,0
1.0,1.2,2.0,1.5,2.25,0.12,0.035,2.5,2022-06-09 00:00:00+00:00,2024-06-08 00:00:00+00:00,-30.33036105933108,0.6966963894066892,-46.099822405844,0
1.0,1.2,2.0,1.5,2.25,0.12,0.035,2.5,2022-12-06 00:00:00+00:00,2024-12-05 00:00:00+00:00,202.86201434701266,3.0286201434701265,-48.720514469034484,0
1.0,1.2,2.0,1.5,2.25,0.12,0.035,2.5,2023-06-04 00:00:00+00:00,2025-06-03 00:00:00+00:00,121.40947213794044,2.2140947213794044,-48.07966008629037,0
1.0,1.2,2.0,1.5,2.25,0.12,0.035,2.5,2023-12-01 00:00:00+00:00,2025-11-30 00:00:00+00:00,75.45321343221138,1.7545321343221139,-57.85569837802278,0
1.0,1.2,2.0,1.5,2.25,0.12,0.035,2.5,2024-05-29 00:00:00+00:00,2026-05-29 00:00:00+00:00,24.078343307133608,1.240783433071336,-67.40223551358757,0
1.0,1.2,2.0,1.5,2.25,0.18,0.035,2.5,2018-01-01 00:00:00+00:00,2020-01-01 00:00:00+00:00,154.60088315985794,2.5460088315985794,-50.51986028789166,0
1.0,1.2,2.0,1.5,2.25,0.18,0.035,2.5,2018-06-30 00:00:00+00:00,2020-06-29 00:00:00+00:00,1.0065230924732216,1.0100652309247322,-57.92364889963072,0
1.0,1.2,2.0,1.5,2.25,0.18,0.035,2.5,2018-12-27 00:00:00+00:00,2020-12-26 00:00:00+00:00,-7.172434643775604,0.928275653562244,-57.14811716683923,0
1.0,1.2,2.0,1.5,2.25,0.18,0.035,2.5,2019-06-25 00:00:00+00:00,2021-06-24 00:00:00+00:00,2320.287510871261,24.20287510871261,-57.49436735010818,0
1.0,1.2,2.0,1.5,2.25,0.18,0.035,2.5,2019-12-22 00:00:00+00:00,2021-12-21 00:00:00+00:00,5501.455639119959,56.0145563911996,-52.596673625800015,0
1.0,1.2,2.0,1.5,2.25,0.18,0.035,2.5,2020-06-19 00:00:00+00:00,2022-06-19 00:00:00+00:00,6731.70006720711,68.3170006720711,-58.75270557333584,0
1.0,1.2,2.0,1.5,2.25,0.18,0.035,2.5,2020-12-16 00:00:00+00:00,2022-12-16 00:00:00+00:00,2052.5906051336187,21.52590605133619,-69.49104801639653,0
1.0,1.2,2.0,1.5,2.25,0.18,0.035,2.5,2021-06-14 00:00:00+00:00,2023-06-14 00:00:00+00:00,-13.286681148252955,0.8671331885174705,-69.49104801639656,0
1.0,1.2,2.0,1.5,2.25,0.18,0.035,2.5,2021-12-11 00:00:00+00:00,2023-12-11 00:00:00+00:00,-6.739500017426236,0.9326049998257376,-58.31223609914908,0
1.0,1.2,2.0,1.5,2.25,0.18,0.035,2.5,2022-06-09 00:00:00+00:00,2024-06-08 00:00:00+00:00,-16.666185624035435,0.8333381437596457,-48.11979161636381,0
1.0,1.2,2.0,1.5,2.25,0.18,0.035,2.5,2022-12-06 00:00:00+00:00,2024-12-05 00:00:00+00:00,126.38161953341083,2.2638161953341083,-53.140126406678576,0
1.0,1.2,2.0,1.5,2.25,0.18,0.035,2.5,2023-06-04 00:00:00+00:00,2025-06-03 00:00:00+00:00,18.314856828281023,1.1831485682828102,-53.14012640667829,0
1.0,1.2,2.0,1.5,2.25,0.18,0.035,2.5,2023-12-01 00:00:00+00:00,2025-11-30 00:00:00+00:00,4.025213684239537,1.0402521368423954,-58.344493528383644,0
1.0,1.2,2.0,1.5,2.25,0.18,0.035,2.5,2024-05-29 00:00:00+00:00,2026-05-29 00:00:00+00:00,-5.943108093636262,0.9405689190636374,-67.78030867129421,0
