assets,profitable_assets,median_return_pct,median_cagr_pct,median_mdd_pct,median_profit_factor,median_sharpe,total_trades,total_liquidations,entry_n,exit_n,ema_n,leverage,part,train_rank,train_return_pct,train_mdd_pct,robust_oos,total_return_pct,cagr_pct,mdd_pct,profit_factor,sharpe,win_rate_pct,trades,liquidations,final_equity_krw,symbol
10,7,14.548094020143276,5.294409893303554,-32.96083201748267,1.1230926804962729,0.39355165791630436,2117,0,160,80,100,0.5,oos,1,521.9491430558548,-35.34499031009334,True,23.151179441688452,8.019921518207141,-22.274185460018646,1.2571643214648716,0.6668721483247556,21.991701244813278,241,0,12315117.944168845,BTCUSDT
10,7,14.548094020143276,5.294409893303554,-32.96083201748267,1.1230926804962729,0.39355165791630436,2117,0,160,80,100,0.5,oos,1,521.9491430558548,-35.34499031009334,True,62.7290921435324,19.767603107868492,-17.42198338896255,1.5736059669990674,1.1431482599781022,19.63470319634703,219,0,16272909.21435324,ETHUSDT
10,7,14.548094020143276,5.294409893303554,-32.96083201748267,1.1230926804962729,0.39355165791630436,2117,0,160,80,100,0.5,oos,1,521.9491430558548,-35.34499031009334,True,-8.547637912824136,-3.336523303607264,-33.39265535863573,0.9223485124799705,-0.14059338270661687,19.54397394136808,307,0,9145236.208717586,BNBUSDT
10,7,14.548094020143276,5.294409893303554,-32.96083201748267,1.1230926804962729,0.39355165791630436,2117,0,160,80,100,0.5,oos,1,521.9491430558548,-35.34499031009334,True,34.242606715743996,12.56998190716294,-38.62701879442121,1.1953911727369735,0.5613885333203101,12.727272727272727,275,0,13424260.671574399,XRPUSDT
10,7,14.548094020143276,5.294409893303554,-32.96083201748267,1.1230926804962729,0.39355165791630436,2117,0,160,80,100,0.5,oos,1,521.9491430558548,-35.34499031009334,True,55.55727482058481,19.321731429260215,-27.890440066454104,1.3988827114702844,0.7856919785100465,17.97752808988764,178,0,15555727.48205848,ADAUSDT
10,7,14.548094020143276,5.294409893303554,-32.96083201748267,1.1230926804962729,0.39355165791630436,2117,0,160,80,100,0.5,oos,1,521.9491430558548,-35.34499031009334,True,48.37212341500485,20.269640504574117,-31.636429788504216,1.2966676478917747,0.808479992969285,20.689655172413794,174,0,14837212.341500485,DOGEUSDT
10,7,14.548094020143276,5.294409893303554,-32.96083201748267,1.1230926804962729,0.39355165791630436,2117,0,160,80,100,0.5,oos,1,521.9491430558548,-35.34499031009334,True,5.9450085985981005,2.568898268399966,-35.7632759837092,1.0501093902182204,0.22571478251229862,20.418848167539267,191,0,10594500.85985981,LINKUSDT
10,7,14.548094020143276,5.294409893303554,-32.96083201748267,1.1230926804962729,0.39355165791630436,2117,0,160,80,100,0.5,oos,1,521.9491430558548,-35.34499031009334,True,-21.60274978280401,-8.927134165120465,-43.386147347443696,0.8310749365708041,-0.3178081577180232,16.28787878787879,264,0,7839725.021719599,LTCUSDT
10,7,14.548094020143276,5.294409893303554,-32.96083201748267,1.1230926804962729,0.39355165791630436,2117,0,160,80,100,0.5,oos,1,521.9491430558548,-35.34499031009334,True,4.210902038765019,2.3079413388500836,-32.52900867632962,1.0507941882555725,0.21379181189854743,21.58273381294964,139,0,10421090.203876501,SOLUSDT
10,7,14.548094020143276,5.294409893303554,-32.96083201748267,1.1230926804962729,0.39355165791630436,2117,0,160,80,100,0.5,oos,1,521.9491430558548,-35.34499031009334,True,-13.751325822835025,-8.004097136010612,-34.08215518004805,0.8464164886385226,-0.2941470757485903,17.829457364341085,129,0,8624867.417716498,AVAXUSDT
10,7,15.970245015749663,6.95966720942962,-26.078324827103483,1.286403993184023,0.5447843262534198,918,0,160,30,100,0.5,oos,2,207.15975928252834,-35.71610783347555,True,16.406404902566464,5.7893091799873675,-16.80325003110319,1.2714310759684182,0.5582908959422073,28.695652173913043,115,0,11640640.490256647,BTCUSDT
10,7,15.970245015749663,6.95966720942962,-26.078324827103483,1.286403993184023,0.5447843262534198,918,0,160,30,100,0.5,oos,2,207.15975928252834,-35.71610783347555,True,45.110696506532854,14.789757578254381,-14.337383849217634,1.5637575314611123,1.0041853124812472,28.846153846153843,104,0,14511069.650653286,ETHUSDT
10,7,15.970245015749663,6.95966720942962,-26.078324827103483,1.286403993184023,0.5447843262534198,918,0,160,30,100,0.5,oos,2,207.15975928252834,-35.71610783347555,True,15.534085128932862,5.637076386943196,-18.931944417106905,1.2110678287326846,0.4701533088651704,37.96296296296296,108,0,11553408.512893286,BNBUSDT
10,7,15.970245015749663,6.95966720942962,-26.078324827103483,1.286403993184023,0.5447843262534198,918,0,160,30,100,0.5,oos,2,207.15975928252834,-35.71610783347555,True,123.1197315943171,38.083355566875895,-25.585047977092344,1.9466569906998654,1.3879808299676375,26.31578947368421,95,0,22311973.15943171,XRPUSDT
10,7,15.970245015749663,6.95966720942962,-26.078324827103483,1.286403993184023,0.5447843262534198,918,0,160,30,100,0.5,oos,2,207.15975928252834,-35.71610783347555,True,61.4659993910005,21.113558165253068,-25.02807498191664,1.6187595925136347,0.9114453749720508,26.436781609195403,87,0,16146599.939100051,ADAUSDT
10,7,15.970245015749663,6.95966720942962,-26.078324827103483,1.286403993184023,0.5447843262534198,918,0,160,30,100,0.5,oos,2,207.15975928252834,-35.71610783347555,True,52.4308348404654,21.797589292988274,-27.34651453097634,1.4242028475033457,0.9213034107546305,30.864197530864196,81,0,15243083.484046541,DOGEUSDT
10,7,15.970245015749663,6.95966720942962,-26.078324827103483,1.286403993184023,0.5447843262534198,918,0,160,30,100,0.5,oos,2,207.15975928252834,-35.71610783347555,True,-2.352255451424723,-1.0400408179433884,-28.93183683907521,0.9722362472590825,0.052137718993419735,27.906976744186046,86,0,9764774.454857528,LINKUSDT
10,7,15.970245015749663,6.95966720942962,-26.078324827103483,1.286403993184023,0.5447843262534198,918,0,160,30,100,0.5,oos,2,207.15975928252834,-35.71610783347555,True,-16.234211678507336,-6.579708742542845,-38.8184073721512,0.8178366755189965,-0.2557081785242622,21.052631578947366,133,0,8376578.832149266,LTCUSDT
10,7,15.970245015749663,6.95966720942962,-26.078324827103483,1.286403993184023,0.5447843262534198,918,0,160,30,100,0.5,oos,2,207.15975928252834,-35.71610783347555,True,15.17675530658864,8.130025238871873,-26.57160167711462,1.3013769103996276,0.5312777565646324,42.30769230769231,52,0,11517675.530658863,SOLUSDT
10,7,15.970245015749663,6.95966720942962,-26.078324827103483,1.286403993184023,0.5447843262534198,918,0,160,30,100,0.5,oos,2,207.15975928252834,-35.71610783347555,True,-20.44053324190196,-12.098441669125004,-31.293151744076674,0.6952800037561274,-0.6366640694017591,31.57894736842105,57,0,7955946.675809804,AVAXUSDT
10,7,17.003266403542796,7.745704860175328,-29.231164020614386,1.2592563438040751,0.4406848409087098,1002,0,160,60,400,0.5,oos,3,451.20011596773634,-35.973026581425984,True,44.63049026810884,14.648885289791313,-18.111386271678874,1.7511545685736338,1.0917349740521896,25.263157894736842,95,0,14463049.026810884,BTCUSDT
10,7,17.003266403542796,7.745704860175328,-29.231164020614386,1.2592563438040751,0.4406848409087098,1002,0,160,60,400,0.5,oos,3,451.20011596773634,-35.973026581425984,True,54.18505124550224,17.39837977641463,-19.687491729430352,1.5841133023826983,1.014226350958425,21.35922330097087,103,0,15418505.124550223,ETHUSDT
10,7,17.003266403542796,7.745704860175328,-29.231164020614386,1.2592563438040751,0.4406848409087098,1002,0,160,60,400,0.5,oos,3,451.20011596773634,-35.973026581425984,True,-4.755913485099994,-1.8335704168610523,-30.40394482391783,0.9397512005792031,-0.03174563574474083,21.951219512195124,123,0,9524408.651490001,BNBUSDT
10,7,17.003266403542796,7.745704860175328,-29.231164020614386,1.2592563438040751,0.4406848409087098,1002,0,160,60,400,0.5,oos,3,451.20011596773634,-35.973026581425984,True,90.53816792212577,29.59137738655255,-37.19816724121561,1.55307081898997,0.9972562352251124,14.035087719298245,114,0,19053816.792212576,XRPUSDT
10,7,17.003266403542796,7.745704860175328,-29.231164020614386,1.2592563438040751,0.4406848409087098,1002,0,160,60,400,0.5,oos,3,451.20011596773634,-35.973026581425984,True,17.418671422802113,6.630530393501655,-28.370654008985706,1.1940779476860002,0.37420276308673517,15.873015873015872,126,0,11741867.142280212,ADAUSDT
10,7,17.003266403542796,7.745704860175328,-29.231164020614386,1.2592563438040751,0.4406848409087098,1002,0,160,60,400,0.5,oos,3,451.20011596773634,-35.973026581425984,True,67.68284665032864,27.353938479894357,-26.336757409121127,1.572236001436391,1.0234672577310857,24.444444444444443,90,0,16768284.665032864,DOGEUSDT
10,7,17.003266403542796,7.745704860175328,-29.231164020614386,1.2592563438040751,0.4406848409087098,1002,0,160,60,400,0.5,oos,3,451.20011596773634,-35.973026581425984,True,10.806439257875521,4.610081988608683,-27.379332786738352,1.1238256680938215,0.3063420623324461,18.681318681318682,91,0,11080643.925787551,LINKUSDT
10,7,17.003266403542796,7.745704860175328,-29.231164020614386,1.2592563438040751,0.4406848409087098,1002,0,160,60,400,0.5,oos,3,451.20011596773634,-35.973026581425984,True,-29.064628510416757,-12.360565905063858,-44.92892590159187,0.7215724055234807,-0.4535723359935566,15.625,128,0,7093537.148958324,LTCUSDT
10,7,17.003266403542796,7.745704860175328,-29.231164020614386,1.2592563438040751,0.4406848409087098,1002,0,160,60,400,0.5,oos,3,451.20011596773634,-35.973026581425984,True,16.587861384283475,8.860879326849002,-30.091674032243066,1.3244347399221499,0.5071669187306844,34.69387755102041,49,0,11658786.138428347,SOLUSDT
10,7,17.003266403542796,7.745704860175328,-29.231164020614386,1.2592563438040751,0.4406848409087098,1002,0,160,60,400,0.5,oos,3,451.20011596773634,-35.973026581425984,True,-14.052266828183924,-8.185255340930853,-34.71758484180717,0.8147146453936718,-0.30856888232330637,14.457831325301203,83,0,8594773.317181608,AVAXUSDT
10,7,22.575141791847088,7.9251401073788585,-26.836549972007173,1.3732746264067988,0.6442625486259002,861,0,160,30,400,0.5,oos,4,255.30576925225773,-36.4067946721917,True,24.25050872135499,8.376141318478325,-15.648993749201523,1.4725165336635626,0.7611994769955376,31.46067415730337,89,0,12425050.8721355,BTCUSDT
10,7,22.575141791847088,7.9251401073788585,-26.836549972007173,1.3732746264067988,0.6442625486259002,861,0,160,30,400,0.5,oos,4,255.30576925225773,-36.4067946721917,True,43.04820091895265,14.182613765891517,-17.37718078567142,1.5142533039957984,0.9787498270472735,28.125,96,0,14304820.091895266,ETHUSDT
10,7,22.575141791847088,7.9251401073788585,-26.836549972007173,1.3732746264067988,0.6442625486259002,861,0,160,30,400,0.5,oos,4,255.30576925225773,-36.4067946721917,True,20.899774862339182,7.474138896279392,-20.166017244884983,1.331779204605857,0.5949704912265615,35.869565217391305,92,0,12089977.486233918,BNBUSDT
10,7,22.575141791847088,7.9251401073788585,-26.836549972007173,1.3732746264067988,0.6442625486259002,861,0,160,30,400,0.5,oos,4,255.30576925225773,-36.4067946721917,True,95.03198236510597,30.811744617763615,-27.552110020710074,1.7656357415610064,1.1759207007104233,21.50537634408602,93,0,19503198.236510597,XRPUSDT
10,7,22.575141791847088,7.9251401073788585,-26.836549972007173,1.3732746264067988,0.6442625486259002,861,0,160,30,400,0.5,oos,4,255.30576925225773,-36.4067946721917,True,40.77888313935594,14.65333384727996,-26.75926573140507,1.4147700482077405,0.6935546060252387,19.81981981981982,111,0,14077888.313935595,ADAUSDT
10,7,22.575141791847088,7.9251401073788585,-26.836549972007173,1.3732746264067988,0.6442625486259002,861,0,160,30,400,0.5,oos,4,255.30576925225773,-36.4067946721917,True,81.52814824364249,32.16914040179586,-24.018731268132566,1.7784203346712115,1.270539526042705,26.923076923076923,78,0,18152814.82436425,DOGEUSDT
10,7,22.575141791847088,7.9251401073788585,-26.836549972007173,1.3732746264067988,0.6442625486259002,861,0,160,30,400,0.5,oos,4,255.30576925225773,-36.4067946721917,True,-3.242163469394943,-1.4371697972098918,-29.379463871192037,0.9593923375439177,0.031879671309557184,27.500000000000004,80,0,9675783.653060505,LINKUSDT
10,7,22.575141791847088,7.9251401073788585,-26.836549972007173,1.3732746264067988,0.6442625486259002,861,0,160,30,400,0.5,oos,4,255.30576925225773,-36.4067946721917,True,-30.137667124639645,-12.87231695425567,-46.18689899618187,0.651659930258708,-0.5742311635958001,16.94915254237288,118,0,6986233.287536035,LTCUSDT
10,7,22.575141791847088,7.9251401073788585,-26.836549972007173,1.3732746264067988,0.6442625486259002,861,0,160,30,400,0.5,oos,4,255.30576925225773,-36.4067946721917,True,10.946779842038733,5.914865726329066,-28.084429442537328,1.2349547796751148,0.4162843288305119,38.46153846153847,52,0,11094677.984203873,SOLUSDT
10,7,22.575141791847088,7.9251401073788585,-26.836549972007173,1.3732746264067988,0.6442625486259002,861,0,160,30,400,0.5,oos,4,255.30576925225773,-36.4067946721917,True,-15.36947880683115,-8.98145671589271,-26.913834212609277,0.7444340942097243,-0.45308983461759833,30.76923076923077,52,0,8463052.119316885,AVAXUSDT
10,6,10.702993148929785,4.138504831801426,-32.537603233988285,1.114286005174249,0.34572703120256937,1881,0,200,80,100,0.5,oos,5,481.16545336519346,-36.53246031694839,True,12.516121526247925,4.465528991275813,-23.645626542296505,1.1463473406596845,0.4148472719757416,20.535714285714285,224,0,11251612.152624791,BTCUSDT
10,6,10.702993148929785,4.138504831801426,-32.537603233988285,1.114286005174249,0.34572703120256937,1881,0,200,80,100,0.5,oos,5,481.16545336519346,-36.53246031694839,True,57.466204985214105,18.317774460236812,-19.033808289174914,1.5580594361968652,1.1132164907449884,22.727272727272727,176,0,15746620.498521412,ETHUSDT
10,6,10.702993148929785,4.138504831801426,-32.537603233988285,1.114286005174249,0.34572703120256937,1881,0,200,80,100,0.5,oos,5,481.16545336519346,-36.53246031694839,True,-7.444732773924711,-2.895433659534674,-32.69272095207405,0.9208440366667059,-0.1226273200162178,18.81918819188192,271,0,9255526.722607529,BNBUSDT
10,6,10.702993148929785,4.138504831801426,-32.537603233988285,1.114286005174249,0.34572703120256937,1881,0,200,80,100,0.5,oos,5,481.16545336519346,-36.53246031694839,True,45.584212239723996,16.30156079378844,-35.44375740928286,1.2951225137019116,0.6892934215938313,11.403508771929824,228,0,14558421.223972399,XRPUSDT
10,6,10.702993148929785,4.138504831801426,-32.537603233988285,1.114286005174249,0.34572703120256937,1881,0,200,80,100,0.5,oos,5,481.16545336519346,-36.53246031694839,True,38.4915229147627,13.904875598525802,-29.78266896001902,1.2967249887441774,0.6295395731765353,18.954248366013072,153,0,13849152.29147627,ADAUSDT
10,6,10.702993148929785,4.138504831801426,-32.537603233988285,1.114286005174249,0.34572703120256937,1881,0,200,80,100,0.5,oos,5,481.16545336519346,-36.53246031694839,True,50.288918485077815,20.99397594800405,-32.96230908067223,1.3497007089637545,0.8534807148313995,20.27027027027027,148,0,15028891.848507782,DOGEUSDT
10,6,10.702993148929785,4.138504831801426,-32.537603233988285,1.114286005174249,0.34572703120256937,1881,0,200,80,100,0.5,oos,5,481.16545336519346,-36.53246031694839,True,8.889864771611645,3.811480672327039,-32.433265875462894,1.0822246696888134,0.2766067904293971,21.022727272727273,176,0,10888986.477161165,LINKUSDT
10,6,10.702993148929785,4.138504831801426,-32.537603233988285,1.114286005174249,0.34572703120256937,1881,0,200,80,100,0.5,oos,5,481.16545336519346,-36.53246031694839,True,-28.123616845028543,-11.915689950099628,-43.781467702473655,0.7625237159654814,-0.4827393512721798,15.139442231075698,251,0,7187638.315497146,LTCUSDT
10,6,10.702993148929785,4.138504831801426,-32.537603233988285,1.114286005174249,0.34572703120256937,1881,0,200,80,100,0.5,oos,5,481.16545336519346,-36.53246031694839,True,-4.002149626551843,-2.234128518596057,-32.64194059251368,0.9450253758338109,-0.017738134310329754,19.852941176470587,136,0,9599785.037344815,SOLUSDT
10,6,10.702993148929785,4.138504831801426,-32.537603233988285,1.114286005174249,0.34572703120256937,1881,0,200,80,100,0.5,oos,5,481.16545336519346,-36.53246031694839,True,-7.1067425410610285,-4.0720561039394365,-30.158132363215586,0.916951010179732,-0.10720484326947499,18.64406779661017,118,0,9289325.745893897,AVAXUSDT
10,7,24.88580247562234,10.06226143124237,-32.975064608607404,1.2785438651670615,0.49032068089353975,1125,0,160,80,400,0.5,oos,6,562.129971035919,-36.58372420037503,True,47.90623142120782,15.60407838724216,-15.41263540650496,1.7782671073087548,1.094637112900765,23.157894736842106,95,0,14790623.142120782,BTCUSDT
10,7,24.88580247562234,10.06226143124237,-32.975064608607404,1.2785438651670615,0.49032068089353975,1125,0,160,80,400,0.5,oos,6,562.129971035919,-36.58372420037503,True,56.59751411280263,18.075546236552054,-24.80485921852781,1.570428500263227,1.0092854008131473,17.857142857142858,112,0,15659751.411280263,ETHUSDT
10,7,24.88580247562234,10.06226143124237,-32.975064608607404,1.2785438651670615,0.49032068089353975,1125,0,160,80,400,0.5,oos,6,562.129971035919,-36.58372420037503,True,-11.157249945903436,-4.393504690895888,-33.53598564758376,0.8650011898129599,-0.18006765698421998,16.417910447761194,134,0,8884275.005409656,BNBUSDT
10,7,24.88580247562234,10.06226143124237,-32.975064608607404,1.2785438651670615,0.49032068089353975,1125,0,160,80,400,0.5,oos,6,562.129971035919,-36.58372420037503,True,61.52935140090368,21.264714554331388,-43.2848494665503,1.3634609086293192,0.7592479007835496,10.416666666666668,144,0,16152935.140090367,XRPUSDT
10,7,24.88580247562234,10.06226143124237,-32.975064608607404,1.2785438651670615,0.49032068089353975,1125,0,160,80,400,0.5,oos,6,562.129971035919,-36.58372420037503,True,37.83863722277789,13.689882389112906,-33.96103951921698,1.347354586493313,0.5894716430691308,14.925373134328357,134,0,13783863.72227779,ADAUSDT
10,7,24.88580247562234,10.06226143124237,-32.975064608607404,1.2785438651670615,0.49032068089353975,1125,0,160,80,400,0.5,oos,6,562.129971035919,-36.58372420037503,True,51.423794457110894,21.420517269195404,-32.41414356963105,1.4760917510466858,0.8317161556124958,20.618556701030926,97,0,15142379.44571109,DOGEUSDT
10,7,24.88580247562234,10.06226143124237,-32.975064608607404,1.2785438651670615,0.49032068089353975,1125,0,160,80,400,0.5,oos,6,562.129971035919,-36.58372420037503,True,8.368684326420194,3.5929534843572197,-32.159228183990585,1.0977342604634295,0.2655873099283187,16.9811320754717,106,0,10836868.43264202,LINKUSDT
10,7,24.88580247562234,10.06226143124237,-32.975064608607404,1.2785438651670615,0.49032068089353975,1125,0,160,80,400,0.5,oos,6,562.129971035919,-36.58372420037503,True,-36.98559644953389,-16.25822311141786,-49.07476197230808,0.626793913588699,-0.6122858352578395,13.698630136986301,146,0,6301440.355046611,LTCUSDT
10,7,24.88580247562234,10.06226143124237,-32.975064608607404,1.2785438651670615,0.49032068089353975,1125,0,160,80,400,0.5,oos,6,562.129971035919,-36.58372420037503,True,11.932967728466792,6.434640473371833,-27.86010819236735,1.2097331438408103,0.3911697187179487,29.310344827586203,58,0,11193296.772846678,SOLUSDT
10,7,24.88580247562234,10.06226143124237,-32.975064608607404,1.2785438651670615,0.49032068089353975,1125,0,160,80,400,0.5,oos,6,562.129971035919,-36.58372420037503,True,-17.373043554333744,-10.202968338571882,-38.92221130755673,0.7788854427114622,-0.3789695108759092,12.121212121212121,99,0,8262695.644566625,AVAXUSDT
10,8,17.307461722823035,6.144677815818467,-31.47826011908823,1.1726227884803466,0.4636566644231265,1572,0,80,30,300,0.5,oos,7,245.29731541717578,-36.61830443603432,True,20.764979581841423,7.239764538958071,-18.78307615564082,1.25803161018408,0.6050789798555772,22.413793103448278,174,0,12076497.958184144,BTCUSDT
10,8,17.307461722823035,6.144677815818467,-31.47826011908823,1.1726227884803466,0.4636566644231265,1572,0,80,30,300,0.5,oos,7,245.29731541717578,-36.61830443603432,True,21.712423349204002,7.550678433143743,-23.437383957065418,1.1903819850822714,0.5253349100821484,18.681318681318682,182,0,12171242.3349204,ETHUSDT
10,8,17.307461722823035,6.144677815818467,-31.47826011908823,1.1726227884803466,0.4636566644231265,1572,0,80,30,300,0.5,oos,7,245.29731541717578,-36.61830443603432,True,13.849943863804647,5.049591092678862,-20.45677143882819,1.1548635918784218,0.40197841876410456,24.85207100591716,169,0,11384994.386380466,BNBUSDT
10,8,17.307461722823035,6.144677815818467,-31.47826011908823,1.1726227884803466,0.4636566644231265,1572,0,80,30,300,0.5,oos,7,245.29731541717578,-36.61830443603432,True,69.33369505416572,23.58732037411404,-36.13190506924232,1.4032358369378213,0.9040246682156999,16.56804733727811,169,0,16933369.505416572,XRPUSDT
10,8,17.307461722823035,6.144677815818467,-31.47826011908823,1.1726227884803466,0.4636566644231265,1572,0,80,30,300,0.5,oos,7,245.29731541717578,-36.61830443603432,True,37.80003429981795,13.677151448655355,-29.604254319038446,1.2708518675354947,0.6261101297972226,15.384615384615385,169,0,13780003.429981796,ADAUSDT
10,8,17.307461722823035,6.144677815818467,-31.47826011908823,1.1726227884803466,0.4636566644231265,1572,0,80,30,300,0.5,oos,7,245.29731541717578,-36.61830443603432,True,86.0244401943958,33.69056557897441,-28.42703022686156,1.5458974502811689,1.2143037346366299,21.551724137931032,116,0,18602444.019439578,DOGEUSDT
10,8,17.307461722823035,6.144677815818467,-31.47826011908823,1.1726227884803466,0.4636566644231265,1572,0,80,30,300,0.5,oos,7,245.29731541717578,-36.61830443603432,True,3.4214168609865148,1.4885667373954137,-34.07296923968476,1.0279052831572062,0.1799275167054962,19.867549668874172,151,0,10342141.686098652,LINKUSDT
10,8,17.307461722823035,6.144677815818467,-31.47826011908823,1.1726227884803466,0.4636566644231265,1572,0,80,30,300,0.5,oos,7,245.29731541717578,-36.61830443603432,True,-29.417597668600838,-12.528373723657715,-46.17787749598969,0.7238885672593438,-0.4883318839719419,17.061611374407583,211,0,7058240.233139916,LTCUSDT
10,8,17.307461722823035,6.144677815818467,-31.47826011908823,1.1726227884803466,0.4636566644231265,1572,0,80,30,300,0.5,oos,7,245.29731541717578,-36.61830443603432,True,5.186020144524095,2.8364128388591814,-33.35226591913801,1.0675249890847054,0.24081368396651057,18.96551724137931,116,0,10518602.014452409,SOLUSDT
10,8,17.307461722823035,6.144677815818467,-31.47826011908823,1.1726227884803466,0.4636566644231265,1572,0,80,30,300,0.5,oos,7,245.29731541717578,-36.61830443603432,True,-25.001244052182503,-14.976594585515269,-35.16089292340293,0.7276457917236794,-0.6927382907958676,17.391304347826086,115,0,7499875.59478175,AVAXUSDT
10,7,19.792403293732185,7.007391444229649,-25.727360123638945,1.3371351515749037,0.6034514294859465,827,0,160,30,300,0.5,oos,8,266.5506276003788,-36.7067140108082,True,20.15253675703812,7.037966882168911,-16.60309356495343,1.3672717206644447,0.6486219287532101,29.591836734693878,98,0,12015253.675703812,BTCUSDT
10,7,19.792403293732185,7.007391444229649,-25.727360123638945,1.3371351515749037,0.6034514294859465,827,0,160,30,300,0.5,oos,8,266.5506276003788,-36.7067140108082,True,40.69346952398993,13.48266740573576,-16.71997657819839,1.4814478849011823,0.9286068309633836,30.0,90,0,14069346.952398993,ETHUSDT
10,7,19.792403293732185,7.007391444229649,-25.727360123638945,1.3371351515749037,0.6034514294859465,827,0,160,30,300,0.5,oos,8,266.5506276003788,-36.7067140108082,True,19.43226983042625,6.976816006290387,-18.810370215322113,1.306998582485363,0.5582809302186829,37.93103448275862,87,0,11943226.983042626,BNBUSDT
10,7,19.792403293732185,7.007391444229649,-25.727360123638945,1.3371351515749037,0.6034514294859465,827,0,160,30,300,0.5,oos,8,266.5506276003788,-36.7067140108082,True,96.61259882331777,31.23698504590635,-27.552110020710074,1.7887485243854857,1.1836954375815678,23.333333333333332,90,0,19661259.882331777,XRPUSDT
10,7,19.792403293732185,7.007391444229649,-25.727360123638945,1.3371351515749037,0.6034514294859465,827,0,160,30,300,0.5,oos,8,266.5506276003788,-36.7067140108082,True,40.876566528721334,14.685134236071985,-25.5552863083255,1.4103614531048807,0.6864141712049517,20.754716981132077,106,0,14087656.652872134,ADAUSDT
10,7,19.792403293732185,7.007391444229649,-25.727360123638945,1.3371351515749037,0.6034514294859465,827,0,160,30,300,0.5,oos,8,266.5506276003788,-36.7067140108082,True,72.48685631926253,29.04787852056039,-24.95179396728767,1.6567166417597174,1.1598626664357932,30.0,70,0,17248685.631926253,DOGEUSDT
10,7,19.792403293732185,7.007391444229649,-25.727360123638945,1.3371351515749037,0.6034514294859465,827,0,160,30,300,0.5,oos,8,266.5506276003788,-36.7067140108082,True,-1.632398266743773,-0.7202809473106697,-30.972072146286024,0.9793276904352216,0.06791300552966868,31.428571428571427,70,0,9836760.173325622,LINKUSDT
10,7,19.792403293732185,7.007391444229649,-25.727360123638945,1.3371351515749037,0.6034514294859465,827,0,160,30,300,0.5,oos,8,266.5506276003788,-36.7067140108082,True,-28.910799847663206,-12.287593892435666,-45.18415687048295,0.6630603945754643,-0.5379608044076535,16.666666666666664,120,0,7108920.01523368,LTCUSDT
10,7,19.792403293732185,7.007391444229649,-25.727360123638945,1.3371351515749037,0.6034514294859465,827,0,160,30,300,0.5,oos,8,266.5506276003788,-36.7067140108082,True,12.426755840174009,6.6941248330614656,-27.48090787366728,1.2688488960354047,0.4569076598698244,42.5531914893617,47,0,11242675.584017402,SOLUSDT
10,7,19.792403293732185,7.007391444229649,-25.727360123638945,1.3371351515749037,0.6034514294859465,827,0,160,30,300,0.5,oos,8,266.5506276003788,-36.7067140108082,True,-13.822817362511397,-8.047108080768284,-25.899433938952388,0.7747983922246284,-0.38810560195082905,34.69387755102041,49,0,8617718.26374886,AVAXUSDT
10,8,16.126125818234037,5.772400876367789,-27.413236801802682,1.2542131145221145,0.5058360346205681,750,0,160,30,200,0.5,oos,9,224.20035589807566,-37.4109384411981,True,15.03704442252458,5.326566815856459,-18.22745375861672,1.2589917258752594,0.5062236120752138,33.33333333333333,96,0,11503704.442252457,BTCUSDT
10,8,16.126125818234037,5.772400876367789,-27.413236801802682,1.2542131145221145,0.5058360346205681,750,0,160,30,200,0.5,oos,9,224.20035589807566,-37.4109384411981,True,45.952814817792984,15.036092716692728,-14.788739392953998,1.565208877884657,1.0131402706829356,32.94117647058823,85,0,14595281.4817793,ETHUSDT
10,8,16.126125818234037,5.772400876367789,-27.413236801802682,1.2542131145221145,0.5058360346205681,750,0,160,30,200,0.5,oos,9,224.20035589807566,-37.4109384411981,True,17.215207213943494,6.218234936879119,-18.013210749171872,1.2494345031689695,0.5054484571659226,37.362637362637365,91,0,11721520.721394349,BNBUSDT
10,8,16.126125818234037,5.772400876367789,-27.413236801802682,1.2542131145221145,0.5058360346205681,750,0,160,30,200,0.5,oos,9,224.20035589807566,-37.4109384411981,True,103.09416858436991,32.959702746050155,-29.26474860492313,1.8458741833133459,1.2301965863412687,28.749999999999996,80,0,20309416.85843699,XRPUSDT
10,8,16.126125818234037,5.772400876367789,-27.413236801802682,1.2542131145221145,0.5058360346205681,750,0,160,30,200,0.5,oos,9,224.20035589807566,-37.4109384411981,True,60.40426120954814,20.79452103751953,-23.99780683372088,1.6750788979012305,0.8966324758800973,29.166666666666668,72,0,16040426.120954813,ADAUSDT
10,8,16.126125818234037,5.772400876367789,-27.413236801802682,1.2542131145221145,0.5058360346205681,750,0,160,30,200,0.5,oos,9,224.20035589807566,-37.4109384411981,True,62.71614629336615,25.57525001121077,-25.561724998682234,1.5504795819670827,1.0434441879434047,33.87096774193548,62,0,16271614.629336614,DOGEUSDT
10,8,16.126125818234037,5.772400876367789,-27.413236801802682,1.2542131145221145,0.5058360346205681,750,0,160,30,200,0.5,oos,9,224.20035589807566,-37.4109384411981,True,0.1022335086931836,0.04488945695872992,-29.922730558593013,1.001315242601306,0.10538474121591564,34.92063492063492,63,0,10010223.350869318,LINKUSDT
10,8,16.126125818234037,5.772400876367789,-27.413236801802682,1.2542131145221145,0.5058360346205681,750,0,160,30,200,0.5,oos,9,224.20035589807566,-37.4109384411981,True,-25.744136705740228,-10.806527573440782,-42.636264827110004,0.6903719152120382,-0.45476328339118005,22.54901960784314,102,0,7425586.329425978,LTCUSDT
10,8,16.126125818234037,5.772400876367789,-27.413236801802682,1.2542131145221145,0.5058360346205681,750,0,160,30,200,0.5,oos,9,224.20035589807566,-37.4109384411981,True,9.1750825970621,4.975870812155891,-29.97345537654742,1.183074035451471,0.3626653337269425,42.5531914893617,47,0,10917508.25970621,SOLUSDT
10,8,16.126125818234037,5.772400876367789,-27.413236801802682,1.2542131145221145,0.5058360346205681,750,0,160,30,200,0.5,oos,9,224.20035589807566,-37.4109384411981,True,-19.329792300712477,-11.408468757627233,-30.333925741092195,0.7078898488433937,-0.5883365448537532,32.69230769230769,52,0,8067020.769928752,AVAXUSDT
10,7,21.062339225022484,7.873745442365976,-32.86217659313944,1.2173285753447396,0.5162502898904275,1440,0,160,80,200,0.5,oos,10,495.5341055978612,-37.50988404623985,True,25.733164421027443,8.853443181900555,-19.044994121744242,1.337175810889332,0.6864930484882328,21.26436781609195,174,0,12573316.442102745,BTCUSDT
10,7,21.062339225022484,7.873745442365976,-32.86217659313944,1.2173285753447396,0.5162502898904275,1440,0,160,80,200,0.5,oos,10,495.5341055978612,-37.50988404623985,True,38.433175857221634,12.803821061305666,-25.6886029348954,1.346056215653553,0.7551104070504606,16.867469879518072,166,0,13843317.585722163,ETHUSDT
10,7,21.062339225022484,7.873745442365976,-32.86217659313944,1.2173285753447396,0.5162502898904275,1440,0,160,80,200,0.5,oos,10,495.5341055978612,-37.50988404623985,True,-2.9442626977725483,-1.1285621290881842,-29.924053757561953,0.9689769339675947,0.015833988734753803,18.181818181818183,187,0,9705573.730222745,BNBUSDT
10,7,21.062339225022484,7.873745442365976,-32.86217659313944,1.2173285753447396,0.5162502898904275,1440,0,160,80,200,0.5,oos,10,495.5341055978612,-37.50988404623985,True,64.05973903563617,22.024978484656078,-43.537788401936275,1.3683887024858183,0.7788946915386742,15.66265060240964,166,0,16405973.903563617,XRPUSDT
10,7,21.062339225022484,7.873745442365976,-32.86217659313944,1.2173285753447396,0.5162502898904275,1440,0,160,80,200,0.5,oos,10,495.5341055978612,-37.50988404623985,True,50.0788600951672,17.623525879628943,-30.332690137783157,1.468693700730831,0.7001760200113788,15.447154471544716,123,0,15007886.00951672,ADAUSDT
10,7,21.062339225022484,7.873745442365976,-32.86217659313944,1.2173285753447396,0.5162502898904275,1440,0,160,80,200,0.5,oos,10,495.5341055978612,-37.50988404623985,True,35.14485392565294,15.129343589159806,-38.48154949434333,1.2547421659127167,0.6382729463830534,19.166666666666668,120,0,13514485.392565295,DOGEUSDT
10,7,21.062339225022484,7.873745442365976,-32.86217659313944,1.2173285753447396,0.5162502898904275,1440,0,160,80,200,0.5,oos,10,495.5341055978612,-37.50988404623985,True,16.39151402901753,6.894047702831396,-35.391663048495715,1.157864747641109,0.38606256429168656,19.047619047619047,126,0,11639151.402901752,LINKUSDT
10,7,21.062339225022484,7.873745442365976,-32.86217659313944,1.2173285753447396,0.5162502898904275,1440,0,160,80,200,0.5,oos,10,495.5341055978612,-37.50988404623985,True,-38.26658901707529,-16.916427531348255,-50.511187282980075,0.648920353495604,-0.6575057211377698,16.243654822335024,197,0,6173341.098292471,LTCUSDT
10,7,21.062339225022484,7.873745442365976,-32.86217659313944,1.2173285753447396,0.5162502898904275,1440,0,160,80,200,0.5,oos,10,495.5341055978612,-37.50988404623985,True,12.052192735177435,6.497339662956425,-29.67510211023887,1.1799149847767627,0.39422763339780176,24.096385542168676,83,0,11205219.273517743,SOLUSDT
10,7,21.062339225022484,7.873745442365976,-32.86217659313944,1.2173285753447396,0.5162502898904275,1440,0,160,80,200,0.5,oos,10,495.5341055978612,-37.50988404623985,True,-17.02259861788261,-9.988388558883043,-38.66316265445799,0.7995249780876698,-0.36542293721634916,12.244897959183673,98,0,8297740.138211738,AVAXUSDT
10,7,22.63901771837461,8.140670613606959,-31.20308464985876,1.261655588765474,0.46134360585190437,904,0,200,80,400,0.5,oos,11,473.4789130657052,-37.72975812389333,True,33.77068641287413,11.381139184909816,-17.277327477180314,1.5462528808539455,0.8493106905281725,23.456790123456788,81,0,13377068.641287412,BTCUSDT
10,7,22.63901771837461,8.140670613606959,-31.20308464985876,1.261655588765474,0.46134360585190437,904,0,200,80,400,0.5,oos,11,473.4789130657052,-37.72975812389333,True,50.44919600837083,16.336452844707196,-27.586549474967814,1.5479483193638075,0.953099990115534,24.050632911392405,79,0,15044919.600837084,ETHUSDT
10,7,22.63901771837461,8.140670613606959,-31.20308464985876,1.261655588765474,0.46134360585190437,904,0,200,80,400,0.5,oos,11,473.4789130657052,-37.72975812389333,True,-10.763322903211137,-4.232728037057942,-33.266711572008276,0.8556216985399938,-0.17851112276061787,18.446601941747574,103,0,8923667.709678886,BNBUSDT
10,7,22.63901771837461,8.140670613606959,-31.20308464985876,1.261655588765474,0.46134360585190437,904,0,200,80,400,0.5,oos,11,473.4789130657052,-37.72975812389333,True,98.10490848103784,31.636595986389793,-38.78208275452582,1.6640613184648814,1.029662125498208,11.224489795918368,98,0,19810490.848103784,XRPUSDT
10,7,22.63901771837461,8.140670613606959,-31.20308464985876,1.261655588765474,0.46134360585190437,904,0,200,80,400,0.5,oos,11,473.4789130657052,-37.72975812389333,True,38.76520433092341,13.994817076609078,-30.542025365161397,1.3965152712006497,0.6070438906929171,17.17171717171717,99,0,13876520.43309234,ADAUSDT
10,7,22.63901771837461,8.140670613606959,-31.20308464985876,1.261655588765474,0.46134360585190437,904,0,200,80,400,0.5,oos,11,473.4789130657052,-37.72975812389333,True,37.759803814018845,16.16609830022142,-37.33376311011716,1.3739082868591879,0.683566571772474,21.794871794871796,78,0,13775980.381401885,DOGEUSDT
10,7,22.63901771837461,8.140670613606959,-31.20308464985876,1.261655588765474,0.46134360585190437,904,0,200,80,400,0.5,oos,11,473.4789130657052,-37.72975812389333,True,11.50734902387509,4.900202042304103,-30.9917181464362,1.1494028906717597,0.31564332101089165,20.454545454545457,88,0,11150734.90238751,LINKUSDT
10,7,22.63901771837461,8.140670613606959,-31.20308464985876,1.261655588765474,0.46134360585190437,904,0,200,80,400,0.5,oos,11,473.4789130657052,-37.72975812389333,True,-40.851630594599975,-18.270762723869193,-51.518526412519314,0.5547693240419783,-0.7255826669190871,13.768115942028986,138,0,5914836.940540003,LTCUSDT
10,7,22.63901771837461,8.140670613606959,-31.20308464985876,1.261655588765474,0.46134360585190437,904,0,200,80,400,0.5,oos,11,473.4789130657052,-37.72975812389333,True,1.8667224123732895,1.0283805930927592,-28.752169330346668,1.035753905050989,0.15441999616549246,29.09090909090909,55,0,10186672.24123733,SOLUSDT
10,7,22.63901771837461,8.140670613606959,-31.20308464985876,1.261655588765474,0.46134360585190437,904,0,200,80,400,0.5,oos,11,473.4789130657052,-37.72975812389333,True,-6.151310589589743,-3.5168934612727076,-31.41445115328132,0.9139024702347587,-0.06455207786670095,12.941176470588237,85,0,9384868.941041026,AVAXUSDT
10,6,16.708291637522475,6.403119384952571,-29.309452131808005,1.1968549911777797,0.43946244701739545,1715,0,160,60,100,0.5,oos,12,375.72219484044655,-37.750066415797356,True,26.782732433221888,9.189185843049842,-21.458602802857907,1.3296926179536714,0.7687781164851911,23.26732673267327,202,0,12678273.24332219,BTCUSDT
10,6,16.708291637522475,6.403119384952571,-29.309452131808005,1.1968549911777797,0.43946244701739545,1715,0,160,60,100,0.5,oos,12,375.72219484044655,-37.750066415797356,True,55.38028258482224,17.734702606162433,-16.321129175452633,1.540883317024141,1.0587035032682603,19.576719576719576,189,0,15538028.258482223,ETHUSDT
10,6,16.708291637522475,6.403119384952571,-29.309452131808005,1.1968549911777797,0.43946244701739545,1715,0,160,60,100,0.5,oos,12,375.72219484044655,-37.750066415797356,True,-0.9469442091135316,-0.3606968253631937,-25.965476789646758,0.9905916348179565,0.05224460381342771,22.540983606557376,244,0,9905305.579088647,BNBUSDT
10,6,16.708291637522475,6.403119384952571,-29.309452131808005,1.1968549911777797,0.43946244701739545,1715,0,160,60,100,0.5,oos,12,375.72219484044655,-37.750066415797356,True,52.06663159736671,18.356691952726024,-34.50156420569988,1.319201411518468,0.7477351828161997,14.018691588785046,214,0,15206663.15973667,XRPUSDT
10,6,16.708291637522475,6.403119384952571,-29.309452131808005,1.1968549911777797,0.43946244701739545,1715,0,160,60,100,0.5,oos,12,375.72219484044655,-37.750066415797356,True,36.05354986448608,13.09892039476006,-25.679715289316796,1.2982970836047607,0.6019428434394881,17.5,160,0,13605354.986448608,ADAUSDT
10,6,16.708291637522475,6.403119384952571,-29.309452131808005,1.1968549911777797,0.43946244701739545,1715,0,160,60,100,0.5,oos,12,375.72219484044655,-37.750066415797356,True,57.505715874555264,23.67793510250804,-29.39324411634746,1.3774030071992858,0.9214293744111715,24.264705882352942,136,0,15750571.587455526,DOGEUSDT
10,6,16.708291637522475,6.403119384952571,-29.309452131808005,1.1968549911777797,0.43946244701739545,1715,0,160,60,100,0.5,oos,12,375.72219484044655,-37.750066415797356,True,-1.1822992424649792,-0.521013742626697,-33.00666349751344,0.9889121420520534,0.09424423320899818,21.428571428571427,154,0,9881770.075753503,LINKUSDT
10,6,16.708291637522475,6.403119384952571,-29.309452131808005,1.1968549911777797,0.43946244701739545,1715,0,160,60,100,0.5,oos,12,375.72219484044655,-37.750066415797356,True,-9.182121293439337,-3.632877880435459,-34.46727644590305,0.920977928144223,-0.06609998038372152,17.289719626168225,214,0,9081787.870656066,LTCUSDT
10,6,16.708291637522475,6.403119384952571,-29.309452131808005,1.1968549911777797,0.43946244701739545,1715,0,160,60,100,0.5,oos,12,375.72219484044655,-37.750066415797356,True,6.6338508418230635,3.617052926855302,-33.59025180548591,1.0954128987507987,0.2769820505953028,28.431372549019606,102,0,10663385.084182305,SOLUSDT
10,6,16.708291637522475,6.403119384952571,-29.309452131808005,1.1968549911777797,0.43946244701739545,1715,0,160,60,100,0.5,oos,12,375.72219484044655,-37.750066415797356,True,-11.003363327452853,-6.362469592657217,-29.22566014726855,0.863650032125337,-0.22678372549497952,20.0,100,0,8899663.667254714,AVAXUSDT
10,7,24.420711950172393,9.129681966273262,-32.171607457922995,1.2710211297463987,0.48029304407084433,977,0,200,80,300,0.5,oos,13,453.0308754753765,-37.78409214658984,True,27.834721308269074,9.523951638361128,-18.004864727790014,1.4117712290666118,0.729986293624278,19.387755102040817,98,0,12783472.130826907,BTCUSDT
10,7,24.420711950172393,9.129681966273262,-32.171607457922995,1.2710211297463987,0.48029304407084433,977,0,200,80,300,0.5,oos,13,453.0308754753765,-37.78409214658984,True,38.099141913650094,12.70290843843933,-28.72356750205003,1.3678316917131583,0.7672643409209342,20.792079207920793,101,0,13809914.19136501,ETHUSDT
10,7,24.420711950172393,9.129681966273262,-32.171607457922995,1.2710211297463987,0.48029304407084433,977,0,200,80,300,0.5,oos,13,453.0308754753765,-37.78409214658984,True,-6.7813970545764874,-2.6317111179157804,-30.310812925138066,0.9058772875759006,-0.07916918298182861,20.388349514563107,103,0,9321860.294542352,BNBUSDT
10,7,24.420711950172393,9.129681966273262,-32.171607457922995,1.2710211297463987,0.48029304407084433,977,0,200,80,300,0.5,oos,13,453.0308754753765,-37.78409214658984,True,89.5232613691584,29.313387304777947,-38.747042228943016,1.5761304447245144,0.9730328236713172,10.2803738317757,107,0,18952326.13691584,XRPUSDT
10,7,24.420711950172393,9.129681966273262,-32.171607457922995,1.2710211297463987,0.48029304407084433,977,0,200,80,300,0.5,oos,13,453.0308754753765,-37.78409214658984,True,29.190921957932716,10.78260997052627,-35.33345773470453,1.2686253806789163,0.503736637042009,15.09433962264151,106,0,12919092.195793271,ADAUSDT
10,7,24.420711950172393,9.129681966273262,-32.171607457922995,1.2710211297463987,0.48029304407084433,977,0,200,80,300,0.5,oos,13,453.0308754753765,-37.78409214658984,True,31.150636075072203,13.524920794136674,-40.58476014831896,1.2734168788138809,0.5976460946014545,19.753086419753085,81,0,13115063.60750722,DOGEUSDT
10,7,24.420711950172393,9.129681966273262,-32.171607457922995,1.2710211297463987,0.48029304407084433,977,0,200,80,300,0.5,oos,13,453.0308754753765,-37.78409214658984,True,21.006702592075712,8.735412294185396,-29.152840123002434,1.2740901837735499,0.45684945109967967,22.727272727272727,88,0,12100670.25920757,LINKUSDT
10,7,24.420711950172393,9.129681966273262,-32.171607457922995,1.2710211297463987,0.48029304407084433,977,0,200,80,300,0.5,oos,13,453.0308754753765,-37.78409214658984,True,-38.77851515759585,-17.18181882502794,-50.22197089371584,0.5869035859213845,-0.6677439949252606,14.76510067114094,149,0,6122148.484240415,LTCUSDT
10,7,24.420711950172393,9.129681966273262,-32.171607457922995,1.2710211297463987,0.48029304407084433,977,0,200,80,300,0.5,oos,13,453.0308754753765,-37.78409214658984,True,2.90608773019414,1.5973199074956757,-29.287037592503374,1.0545025270881287,0.18086416256602078,30.0,60,0,10290608.773019414,SOLUSDT
10,7,24.420711950172393,9.129681966273262,-32.171607457922995,1.2710211297463987,0.48029304407084433,977,0,200,80,300,0.5,oos,13,453.0308754753765,-37.78409214658984,True,-8.514157693615775,-4.894404157239352,-34.032401990707925,0.8881218919723445,-0.13100463459552028,13.095238095238097,84,0,9148584.230638422,AVAXUSDT
10,7,16.710913627449855,7.990747507384965,-29.466290347470178,1.2589445912051738,0.4542804843447315,1033,0,160,60,300,0.5,oos,14,459.7121785306565,-37.94064735819048,True,35.680870352349324,11.967716954994923,-19.274602611965598,1.5305558498265004,0.914062087693669,20.869565217391305,115,0,13568087.035234932,BTCUSDT
10,7,16.710913627449855,7.990747507384965,-29.466290347470178,1.2589445912051738,0.4542804843447315,1033,0,160,60,300,0.5,oos,14,459.7121785306565,-37.94064735819048,True,41.382865505731225,13.688349678411726,-22.210263542243126,1.394759894516298,0.8215085783140372,19.166666666666668,120,0,14138286.550573122,ETHUSDT
10,7,16.710913627449855,7.990747507384965,-29.466290347470178,1.2589445912051738,0.4542804843447315,1033,0,160,60,300,0.5,oos,14,459.7121785306565,-37.94064735819048,True,-1.0260743019126717,-0.3909346141266479,-27.243419165668026,0.9869012158232228,0.05762626400141395,22.400000000000002,125,0,9897392.569808733,BNBUSDT
10,7,16.710913627449855,7.990747507384965,-29.466290347470178,1.2589445912051738,0.4542804843447315,1033,0,160,60,300,0.5,oos,14,459.7121785306565,-37.94064735819048,True,85.0674711375352,28.082262116895485,-37.295165890858186,1.5281652604324958,0.9565924207900323,13.157894736842104,114,0,18506747.11375352,XRPUSDT
10,7,16.710913627449855,7.990747507384965,-29.466290347470178,1.2589445912051738,0.4542804843447315,1033,0,160,60,300,0.5,oos,14,459.7121785306565,-37.94064735819048,True,15.019701518646112,5.754123050655702,-28.23918056164818,1.1586684863249286,0.3420149096389762,15.037593984962406,133,0,11501970.15186461,ADAUSDT
10,7,16.710913627449855,7.990747507384965,-29.466290347470178,1.2589445912051738,0.4542804843447315,1033,0,160,60,300,0.5,oos,14,459.7121785306565,-37.94064735819048,True,50.35545518474927,21.01903086826191,-33.82436735599097,1.3807842291974934,0.8290760625562972,22.47191011235955,89,0,15035545.518474927,DOGEUSDT
10,7,16.710913627449855,7.990747507384965,-29.466290347470178,1.2589445912051738,0.4542804843447315,1033,0,160,60,300,0.5,oos,14,459.7121785306565,-37.94064735819048,True,16.40732824099702,6.900426499321366,-29.56663223250193,1.1842012798755777,0.3937042118227235,19.318181818181817,88,0,11640732.824099703,LINKUSDT
10,7,16.710913627449855,7.990747507384965,-29.466290347470178,1.2589445912051738,0.4542804843447315,1033,0,160,60,300,0.5,oos,14,459.7121785306565,-37.94064735819048,True,-26.402713255997647,-11.111296481005429,-45.057930832596824,0.7494304781072545,-0.39064327516188335,15.671641791044777,134,0,7359728.6744002355,LTCUSDT
10,7,16.710913627449855,7.990747507384965,-29.466290347470178,1.2589445912051738,0.4542804843447315,1033,0,160,60,300,0.5,oos,14,459.7121785306565,-37.94064735819048,True,17.014499013902686,9.081068515448564,-29.36594846243843,1.3336879025347697,0.5148567568667395,40.476190476190474,42,0,11701449.901390268,SOLUSDT
10,7,16.710913627449855,7.990747507384965,-29.466290347470178,1.2589445912051738,0.4542804843447315,1033,0,160,60,300,0.5,oos,14,459.7121785306565,-37.94064735819048,True,-8.26832418947423,-4.75036889720154,-31.362446111292286,0.8922325538313186,-0.12833249555262294,16.43835616438356,73,0,9173167.581052577,AVAXUSDT
10,7,19.75610250655557,7.842223464377939,-28.803649599872795,1.2539844476393067,0.4293747498986388,796,0,200,60,400,0.5,oos,15,400.91786689204514,-37.959030804738276,True,30.497166716750534,10.36352287318094,-19.42856280258266,1.515878261463524,0.8250759438493007,27.160493827160494,81,0,13049716.671675054,BTCUSDT
10,7,19.75610250655557,7.842223464377939,-28.803649599872795,1.2539844476393067,0.4293747498986388,796,0,200,60,400,0.5,oos,15,400.91786689204514,-37.959030804738276,True,49.04223519599498,15.932219539539915,-22.18388742770553,1.560849413217756,0.9683427607442857,27.397260273972602,73,0,14904223.519599497,ETHUSDT
10,7,19.75610250655557,7.842223464377939,-28.803649599872795,1.2539844476393067,0.4293747498986388,796,0,200,60,400,0.5,oos,15,400.91786689204514,-37.959030804738276,True,-2.6250492242501644,-1.0051873504571374,-30.373491986767533,0.9615439580945203,0.015914305675111613,25.274725274725274,91,0,9737495.077574983,BNBUSDT
10,7,19.75610250655557,7.842223464377939,-28.803649599872795,1.2539844476393067,0.4293747498986388,796,0,200,60,400,0.5,oos,15,400.91786689204514,-37.959030804738276,True,121.74300095735302,37.74013642572596,-35.879114172228576,1.8872263573662729,1.215394790320922,13.924050632911392,79,0,22174300.0957353,XRPUSDT
10,7,19.75610250655557,7.842223464377939,-28.803649599872795,1.2539844476393067,0.4293747498986388,796,0,200,60,400,0.5,oos,15,400.91786689204514,-37.959030804738276,True,20.517575178789293,7.746879631700887,-24.502615330474555,1.2553214107221227,0.41795535866938704,20.87912087912088,91,0,12051757.51787893,ADAUSDT
10,7,19.75610250655557,7.842223464377939,-28.803649599872795,1.2539844476393067,0.4293747498986388,796,0,200,60,400,0.5,oos,15,400.91786689204514,-37.959030804738276,True,47.01690579022619,19.7545089700478,-31.839649143224314,1.442297862120685,0.8116216631355424,26.76056338028169,71,0,14701690.57902262,DOGEUSDT
10,7,19.75610250655557,7.842223464377939,-28.803649599872795,1.2539844476393067,0.4293747498986388,796,0,200,60,400,0.5,oos,15,400.91786689204514,-37.959030804738276,True,18.994629834321852,7.937567297054993,-23.3500378288503,1.2526474845564908,0.4407941411278905,22.36842105263158,76,0,11899462.983432185,LINKUSDT
10,7,19.75610250655557,7.842223464377939,-28.803649599872795,1.2539844476393067,0.4293747498986388,796,0,200,60,400,0.5,oos,15,400.91786689204514,-37.959030804738276,True,-31.96038089029868,-13.752813872671766,-44.23073653712465,0.6613813627142368,-0.5343063199424821,15.966386554621847,119,0,6803961.910970132,LTCUSDT
10,7,19.75610250655557,7.842223464377939,-28.803649599872795,1.2539844476393067,0.4293747498986388,796,0,200,60,400,0.5,oos,15,400.91786689204514,-37.959030804738276,True,5.877691945399288,3.2099427730157615,-30.99727761214509,1.1271748782554465,0.2578377903353016,32.608695652173914,46,0,10587769.194539929,SOLUSDT
10,7,19.75610250655557,7.842223464377939,-28.803649599872795,1.2539844476393067,0.4293747498986388,796,0,200,60,400,0.5,oos,15,400.91786689204514,-37.959030804738276,True,-1.6210623426764825,-0.9174317062459525,-27.233807212978057,0.975477605816571,0.05384069723365182,17.391304347826086,69,0,9837893.765732352,AVAXUSDT
10,8,12.501255595428042,4.51971275041867,-24.957825818001993,1.2312006426684743,0.41446211858294413,675,0,200,40,300,0.5,oos,16,323.0393930093571,-38.039673288061195,True,12.03666420879892,4.300396403475482,-15.116890028172714,1.235293506469855,0.42476851194651194,29.72972972972973,74,0,11203666.420879893,BTCUSDT
10,8,12.501255595428042,4.51971275041867,-24.957825818001993,1.2312006426684743,0.41446211858294413,675,0,200,40,300,0.5,oos,16,323.0393930093571,-38.039673288061195,True,36.841651584206005,12.321632790128302,-19.304645853892133,1.446327177113176,0.8612441326113353,34.84848484848485,66,0,13684165.1584206,ETHUSDT
10,8,12.501255595428042,4.51971275041867,-24.957825818001993,1.2312006426684743,0.41446211858294413,675,0,200,40,300,0.5,oos,16,323.0393930093571,-38.039673288061195,True,12.965846982057162,4.739029097361858,-20.930782380265967,1.2271077788670934,0.4041557252193763,31.57894736842105,76,0,11296584.698205715,BNBUSDT
10,8,12.501255595428042,4.51971275041867,-24.957825818001993,1.2312006426684743,0.41446211858294413,675,0,200,40,300,0.5,oos,16,323.0393930093571,-38.039673288061195,True,89.55753524771559,29.322789664779926,-31.841115499367987,1.8254203993853946,1.1400514570019145,16.43835616438356,73,0,18955753.52477156,XRPUSDT
10,8,12.501255595428042,4.51971275041867,-24.957825818001993,1.2312006426684743,0.41446211858294413,675,0,200,40,300,0.5,oos,16,323.0393930093571,-38.039673288061195,True,35.52631326695352,12.92348675079873,-24.798505679555262,1.44686192852978,0.6103957410281554,23.684210526315788,76,0,13552631.326695353,ADAUSDT
10,8,12.501255595428042,4.51971275041867,-24.957825818001993,1.2312006426684743,0.41446211858294413,675,0,200,40,300,0.5,oos,16,323.0393930093571,-38.039673288061195,True,66.66023701191146,26.990035019726875,-25.316454478797024,1.6416133804319188,1.0605134621813719,29.82456140350877,57,0,16666023.701191146,DOGEUSDT
10,8,12.501255595428042,4.51971275041867,-24.957825818001993,1.2312006426684743,0.41446211858294413,675,0,200,40,300,0.5,oos,16,323.0393930093571,-38.039673288061195,True,6.7240528311068415,2.8994807954055624,-25.351015669410913,1.1014534414125376,0.24110946713761044,29.03225806451613,62,0,10672405.283110684,LINKUSDT
10,8,12.501255595428042,4.51971275041867,-24.957825818001993,1.2312006426684743,0.41446211858294413,675,0,200,40,300,0.5,oos,16,323.0393930093571,-38.039673288061195,True,-31.159458721449006,-13.364146128158904,-46.633358939873034,0.6257310680592624,-0.5609475096688529,14.545454545454545,110,0,6884054.1278551,LTCUSDT
10,8,12.501255595428042,4.51971275041867,-24.957825818001993,1.2312006426684743,0.41446211858294413,675,0,200,40,300,0.5,oos,16,323.0393930093571,-38.039673288061195,True,4.387069119790121,2.403579216739682,-25.117145956448727,1.1159233457019755,0.22480264568763347,41.46341463414634,41,0,10438706.911979012,SOLUSDT
10,8,12.501255595428042,4.51971275041867,-24.957825818001993,1.2312006426684743,0.41446211858294413,675,0,200,40,300,0.5,oos,16,323.0393930093571,-38.039673288061195,True,-8.609529245374702,-4.950328326264197,-23.191178561645852,0.810794006341353,-0.20677175841572637,37.5,40,0,9139047.07546253,AVAXUSDT
10,8,12.47726492540523,4.4991687849275985,-23.607494308111555,1.2318171044568895,0.419013021532812,707,0,200,40,400,0.5,oos,17,323.00339229189865,-38.211017396762166,True,14.151854701404499,5.025590227478283,-14.887237769576512,1.2836318420096455,0.4866531910451789,31.506849315068493,73,0,11415185.47014045,BTCUSDT
10,8,12.47726492540523,4.4991687849275985,-23.607494308111555,1.2318171044568895,0.419013021532812,707,0,200,40,400,0.5,oos,17,323.00339229189865,-38.211017396762166,True,38.88038793312536,12.938685415218409,-20.705349347769463,1.4749267975945481,0.902335816854323,33.33333333333333,69,0,13888038.793312537,ETHUSDT
10,8,12.47726492540523,4.4991687849275985,-23.607494308111555,1.2318171044568895,0.419013021532812,707,0,200,40,400,0.5,oos,17,323.00339229189865,-38.211017396762166,True,10.80267514940596,3.9727473423769144,-21.68500575876284,1.1800023669041335,0.3513728520204451,29.761904761904763,84,0,11080267.514940597,BNBUSDT
10,8,12.47726492540523,4.4991687849275985,-23.607494308111555,1.2318171044568895,0.419013021532812,707,0,200,40,400,0.5,oos,17,323.00339229189865,-38.211017396762166,True,99.15993646564587,31.91802668718273,-31.961872282094262,1.9687338876417984,1.2208179183135235,16.666666666666664,72,0,19915993.646564588,XRPUSDT
10,8,12.47726492540523,4.4991687849275985,-23.607494308111555,1.2318171044568895,0.419013021532812,707,0,200,40,400,0.5,oos,17,323.00339229189865,-38.211017396762166,True,43.368878539105935,15.492059820040138,-21.54311297018986,1.5883471815706638,0.7040343346148019,23.75,80,0,14336887.853910593,ADAUSDT
10,8,12.47726492540523,4.4991687849275985,-23.607494308111555,1.2318171044568895,0.419013021532812,707,0,200,40,400,0.5,oos,17,323.00339229189865,-38.211017396762166,True,73.575856174402,29.428366470696353,-25.529982857460265,1.728821619672193,1.1401118902820802,29.03225806451613,62,0,17357585.6174402,DOGEUSDT
10,8,12.47726492540523,4.4991687849275985,-23.607494308111555,1.2318171044568895,0.419013021532812,707,0,200,40,400,0.5,oos,17,323.00339229189865,-38.211017396762166,True,1.41910872583908,0.6208295104626949,-27.10200184037992,1.0203250915027517,0.1337257476734859,26.47058823529412,68,0,10141910.872583907,LINKUSDT
10,8,12.47726492540523,4.4991687849275985,-23.607494308111555,1.2318171044568895,0.419013021532812,707,0,200,40,400,0.5,oos,17,323.00339229189865,-38.211017396762166,True,-33.500306228719076,-14.508093665218514,-48.182613221066774,0.6092625030858801,-0.6256387597080971,14.15929203539823,113,0,6649969.377128092,LTCUSDT
10,8,12.47726492540523,4.4991687849275985,-23.607494308111555,1.2318171044568895,0.419013021532812,707,0,200,40,400,0.5,oos,17,323.00339229189865,-38.211017396762166,True,3.230322704191968,1.7742772527637118,-25.583623638136054,1.084870417886932,0.18858391256262472,36.95652173913043,46,0,10323032.270419197,SOLUSDT
10,8,12.47726492540523,4.4991687849275985,-23.607494308111555,1.2318171044568895,0.419013021532812,707,0,200,40,400,0.5,oos,17,323.00339229189865,-38.211017396762166,True,-4.927074431145206,-2.8091290330707674,-20.096271489327844,0.8833757691393356,-0.07954277431860818,37.5,40,0,9507292.556885479,AVAXUSDT
10,8,17.724320027653185,6.864564435409825,-32.31581749369342,1.2133728626424483,0.46114694380743215,1212,0,200,80,200,0.5,oos,18,450.17433614936635,-38.451030815347366,True,16.675347035543098,5.879788492982629,-19.13746435546012,1.2262439641714162,0.49640806448559405,19.62025316455696,158,0,11667534.70355431,BTCUSDT
10,8,17.724320027653185,6.864564435409825,-32.31581749369342,1.2133728626424483,0.46114694380743215,1212,0,200,80,200,0.5,oos,18,450.17433614936635,-38.451030815347366,True,38.86341122857975,12.933570799516115,-26.573536236707184,1.3844365772038396,0.7892913935164637,20.66115702479339,121,0,13886341.122857975,ETHUSDT
10,8,17.724320027653185,6.864564435409825,-32.31581749369342,1.2133728626424483,0.46114694380743215,1212,0,200,80,200,0.5,oos,18,450.17433614936635,-38.451030815347366,True,0.5451635508667119,0.20669599434752772,-27.34604856518079,1.0068225922163458,0.09340951938824801,18.91891891891892,148,0,10054516.355086671,BNBUSDT
10,8,17.724320027653185,6.864564435409825,-32.31581749369342,1.2133728626424483,0.46114694380743215,1212,0,200,80,200,0.5,oos,18,450.17433614936635,-38.451030815347366,True,93.8958740111229,30.504817819536136,-38.862856858313044,1.618468440436053,1.0056039324823733,15.079365079365079,126,0,19389587.40111229,XRPUSDT
10,8,17.724320027653185,6.864564435409825,-32.31581749369342,1.2133728626424483,0.46114694380743215,1212,0,200,80,200,0.5,oos,18,450.17433614936635,-38.451030815347366,True,37.606574937582835,13.613317806428604,-32.68901395143159,1.3665023690957767,0.5928028664797232,16.3265306122449,98,0,13760657.493758284,ADAUSDT
10,8,17.724320027653185,6.864564435409825,-32.31581749369342,1.2133728626424483,0.46114694380743215,1212,0,200,80,200,0.5,oos,18,450.17433614936635,-38.451030815347366,True,34.00311729175984,14.673329695958671,-41.16833141535362,1.278665209040999,0.6370872503574405,18.75,96,0,13400311.729175985,DOGEUSDT
10,8,17.724320027653185,6.864564435409825,-32.31581749369342,1.2133728626424483,0.46114694380743215,1212,0,200,80,200,0.5,oos,18,450.17433614936635,-38.451030815347366,True,18.773293019763273,7.849340377837022,-31.942621035955256,1.2005017611134805,0.42588582312927026,20.535714285714285,112,0,11877329.301976327,LINKUSDT
10,8,17.724320027653185,6.864564435409825,-32.31581749369342,1.2133728626424483,0.46114694380743215,1212,0,200,80,200,0.5,oos,18,450.17433614936635,-38.451030815347366,True,-42.83407317857478,-19.334288358742,-53.384523493448846,0.5619785985710801,-0.7998583085499003,14.594594594594595,185,0,5716592.682142521,LTCUSDT
10,8,17.724320027653185,6.864564435409825,-32.31581749369342,1.2133728626424483,0.46114694380743215,1212,0,200,80,200,0.5,oos,18,450.17433614936635,-38.451030815347366,True,2.9747487616062607,1.6348137269339702,-30.464907406823006,1.0490608439608444,0.1823758698791766,23.456790123456788,81,0,10297474.876160625,SOLUSDT
10,8,17.724320027653185,6.864564435409825,-32.31581749369342,1.2133728626424483,0.46114694380743215,1212,0,200,80,200,0.5,oos,18,450.17433614936635,-38.451030815347366,True,-9.963909392607118,-5.747278330920591,-34.26244672766943,0.8753370135353055,-0.17321655337964406,13.793103448275861,87,0,9003609.060739288,AVAXUSDT
10,8,9.992720508494758,4.356576444427896,-24.30475596293129,1.1892101220481561,0.36027941649607537,966,0,200,40,100,0.5,oos,19,299.509777992967,-38.47010048363441,True,6.849231765552322,2.4846090689124356,-19.667738413229372,1.1134217154411128,0.2771933713055979,23.387096774193548,124,0,10684923.176555231,BTCUSDT
10,8,9.992720508494758,4.356576444427896,-24.30475596293129,1.1892101220481561,0.36027941649607537,966,0,200,40,100,0.5,oos,19,299.509777992967,-38.47010048363441,True,43.95652366064022,14.45067434620495,-15.445275800941772,1.5357419367084626,0.9992024502214562,27.835051546391753,97,0,14395652.366064023,ETHUSDT
10,8,9.992720508494758,4.356576444427896,-24.30475596293129,1.1892101220481561,0.36027941649607537,966,0,200,40,100,0.5,oos,19,299.509777992967,-38.47010048363441,True,12.146049455166597,4.4497040602579085,-20.26085670074962,1.1891741724593878,0.3893702386639992,27.11864406779661,118,0,11214604.945516659,BNBUSDT
10,8,9.992720508494758,4.356576444427896,-24.30475596293129,1.1892101220481561,0.36027941649607537,966,0,200,40,100,0.5,oos,19,299.509777992967,-38.47010048363441,True,107.2036723024123,34.03498151210065,-28.568077989091712,1.9656271752869587,1.2860172334739186,17.20430107526882,93,0,20720367.230241228,XRPUSDT
10,8,9.992720508494758,4.356576444427896,-24.30475596293129,1.1892101220481561,0.36027941649607537,966,0,200,40,100,0.5,oos,19,299.509777992967,-38.47010048363441,True,43.6150956816143,15.571318127761046,-22.0490110454435,1.4310542193642428,0.7160790772434161,22.22222222222222,99,0,14361509.56816143,ADAUSDT
10,8,9.992720508494758,4.356576444427896,-24.30475596293129,1.1892101220481561,0.36027941649607537,966,0,200,40,100,0.5,oos,19,299.509777992967,-38.47010048363441,True,64.07988004367695,26.066478547782634,-24.41788427600987,1.5501872718118097,1.0400893583078836,28.235294117647058,85,0,16407988.004367696,DOGEUSDT
10,8,9.992720508494758,4.356576444427896,-24.30475596293129,1.1892101220481561,0.36027941649607537,966,0,200,40,100,0.5,oos,19,299.509777992967,-38.47010048363441,True,4.626739282067938,2.0063791338428283,-26.51065430327363,1.0598590977873381,0.1993519461394584,27.586206896551722,87,0,10462673.928206794,LINKUSDT
10,8,9.992720508494758,4.356576444427896,-24.30475596293129,1.1892101220481561,0.36027941649607537,966,0,200,40,100,0.5,oos,19,299.509777992967,-38.47010048363441,True,-23.339233134302496,-9.70753588920048,-40.702365231620995,0.7455513189360335,-0.412776569198267,17.333333333333336,150,0,7666076.68656975,LTCUSDT
10,8,9.992720508494758,4.356576444427896,-24.30475596293129,1.1892101220481561,0.36027941649607537,966,0,200,40,100,0.5,oos,19,299.509777992967,-38.47010048363441,True,7.839391561822917,4.263448828597882,-24.19162764985271,1.1892460716369242,0.3311885943281515,35.294117647058826,51,0,10783939.156182291,SOLUSDT
10,8,9.992720508494758,4.356576444427896,-24.30475596293129,1.1892101220481561,0.36027941649607537,966,0,200,40,100,0.5,oos,19,299.509777992967,-38.47010048363441,True,-14.057131232057563,-8.188185847840568,-26.897998367133503,0.7494109852567942,-0.41029357294007546,27.419354838709676,62,0,8594286.876794243,AVAXUSDT
10,8,9.405657406119483,3.4326825027344077,-25.811927077405002,1.158919413655615,0.3300462563562193,690,0,200,40,200,0.5,oos,20,348.4664255875789,-38.71905134617006,True,8.567268438087972,3.0920110845183313,-15.291727263572962,1.1552703930181034,0.3228954681869339,28.888888888888886,90,0,10856726.843808798,BTCUSDT
10,8,9.405657406119483,3.4326825027344077,-25.811927077405002,1.158919413655615,0.3300462563562193,690,0,200,40,200,0.5,oos,20,348.4664255875789,-38.71905134617006,True,35.47128924977683,11.90361390299306,-19.568463115027267,1.4244584871082506,0.8347418164338032,31.944444444444443,72,0,13547128.924977683,ETHUSDT
10,8,9.405657406119483,3.4326825027344077,-25.811927077405002,1.158919413655615,0.3300462563562193,690,0,200,40,200,0.5,oos,20,348.4664255875789,-38.71905134617006,True,10.244046374150994,3.773353920950484,-20.447840871742972,1.1625684342931264,0.3371970445255048,27.586206896551722,87,0,11024404.6374151,BNBUSDT
10,8,9.405657406119483,3.4326825027344077,-25.811927077405002,1.158919413655615,0.3300462563562193,690,0,200,40,200,0.5,oos,20,348.4664255875789,-38.71905134617006,True,93.05280461811208,30.276361640019168,-33.28837663046006,1.86857425611678,1.1662331603954388,20.27027027027027,74,0,19305280.461811207,XRPUSDT
10,8,9.405657406119483,3.4326825027344077,-25.811927077405002,1.158919413655615,0.3300462563562193,690,0,200,40,200,0.5,oos,20,348.4664255875789,-38.71905134617006,True,37.9143458335663,13.714844281173754,-22.15595439065574,1.489439301221417,0.6376511728815942,28.125,64,0,13791434.58335663,ADAUSDT
10,8,9.405657406119483,3.4326825027344077,-25.811927077405002,1.158919413655615,0.3300462563562193,690,0,200,40,200,0.5,oos,20,348.4664255875789,-38.71905134617006,True,65.07063870634056,26.421996926168067,-25.560553985734845,1.6195663583636384,1.0427712100962478,33.33333333333333,51,0,16507063.870634057,DOGEUSDT
10,8,9.405657406119483,3.4326825027344077,-25.811927077405002,1.158919413655615,0.3300462563562193,690,0,200,40,200,0.5,oos,20,348.4664255875789,-38.71905134617006,True,7.022437917041291,3.0257401070600265,-26.063300169075156,1.105756281537537,0.2469340626799171,31.57894736842105,57,0,10702243.79170413,LINKUSDT
10,8,9.405657406119483,3.4326825027344077,-25.811927077405002,1.158919413655615,0.3300462563562193,690,0,200,40,200,0.5,oos,20,348.4664255875789,-38.71905134617006,True,-30.95186798538181,-13.263862354324695,-44.91693958416396,0.6170093489241041,-0.5631500474975428,17.142857142857142,105,0,6904813.201461819,LTCUSDT
10,8,9.405657406119483,3.4326825027344077,-25.811927077405002,1.158919413655615,0.3300462563562193,690,0,200,40,200,0.5,oos,20,348.4664255875789,-38.71905134617006,True,2.588314520218793,1.4236473040751152,-26.820393900652395,1.0634442678263323,0.1682298886032734,39.53488372093023,43,0,10258831.45202188,SOLUSDT
10,8,9.405657406119483,3.4326825027344077,-25.811927077405002,1.158919413655615,0.3300462563562193,690,0,200,40,200,0.5,oos,20,348.4664255875789,-38.71905134617006,True,-15.613199226017239,-9.129366711206988,-29.07739002892957,0.6971299810516596,-0.4595011597744037,31.914893617021278,47,0,8438680.077398276,AVAXUSDT
