assets,profitable_assets,median_return_pct,median_cagr_pct,median_mdd_pct,median_profit_factor,median_sharpe,total_trades,total_liquidations,entry_n,exit_n,ema_n,leverage,part,eligible
10,10,521.9491430558548,35.96568585290713,-35.34499031009334,1.474000609659306,1.0834042558741523,5169,0,160,80,100,0.5,train,True
10,10,207.15975928252834,24.30491312225019,-35.71610783347555,1.541810234110783,0.9078861603793229,2460,0,160,30,100,0.5,train,True
10,10,451.20011596773634,32.46064852995673,-35.973026581425984,1.7294697207536833,1.0558839805268132,2048,0,160,60,400,0.5,train,True
10,10,255.30576925225773,25.07026917514601,-36.4067946721917,1.6834324893143378,1.0291657454889624,1903,0,160,30,400,0.5,train,True
10,10,481.16545336519346,33.75870324088779,-36.53246031694839,1.4841623934687018,1.005404625957777,4638,0,200,80,100,0.5,train,True
10,10,562.129971035919,38.2372609479353,-36.58372420037503,1.71354233521185,1.0339491835288714,2351,0,160,80,400,0.5,train,True
10,9,245.29731541717578,24.497789500738257,-36.61830443603432,1.4153812161902812,0.9135637740998203,3282,0,80,30,300,0.5,train,True
10,10,266.5506276003788,23.546280520534346,-36.7067140108082,1.6202970727510584,1.0016996562139324,1834,0,160,30,300,0.5,train,True
10,10,224.20035589807566,22.604360378230822,-37.4109384411981,1.6209640102226484,0.9757396754612042,1807,0,160,30,200,0.5,train,True
10,10,495.5341055978612,34.06098936989177,-37.50988404623985,1.6493781698623673,1.0942669612032496,3126,0,160,80,200,0.5,train,True
10,10,473.4789130657052,32.85864973929942,-37.72975812389333,1.7167744306515882,0.9467260657558716,1935,0,200,80,400,0.5,train,True
10,10,375.72219484044655,31.814625363051377,-37.750066415797356,1.453481284979367,0.9735289961499474,4295,0,160,60,100,0.5,train,True
10,10,453.0308754753765,32.93826956769375,-37.78409214658984,1.7145600724588521,0.9954551996179599,2101,0,200,80,300,0.5,train,True
10,10,459.7121785306565,32.8370754754732,-37.94064735819048,1.7510902139438518,1.0637663064439082,2118,0,160,60,300,0.5,train,True
10,10,400.91786689204514,29.505335408850296,-37.959030804738276,1.755674960828222,0.9596657712356356,1637,0,200,60,400,0.5,train,True
10,10,323.0393930093571,26.5722227449144,-38.039673288061195,1.7211611127495146,0.987895584685953,1470,0,200,40,300,0.5,train,True
10,10,323.00339229189865,26.52349991332228,-38.211017396762166,1.6924739681470649,0.9705774644977548,1551,0,200,40,400,0.5,train,True
10,10,450.17433614936635,31.818930313625504,-38.451030815347366,1.6153816454069274,1.0228019019553238,2624,0,200,80,200,0.5,train,True
10,10,299.509777992967,28.04630445330104,-38.47010048363441,1.6062428395708381,0.9517517800446758,2685,0,200,40,100,0.5,train,True
10,10,348.4664255875789,28.012235559829023,-38.71905134617006,1.7472047731303513,1.0146172308060382,1509,0,200,40,200,0.5,train,True
10,10,355.62455910161316,29.07612997048661,-38.76784461901427,1.7008149628361848,1.0861041882776465,1920,0,160,40,200,0.5,train,True
10,10,551.5610607574928,36.95582922228151,-38.87877292302491,1.7781300312798147,1.0884524294728704,2581,0,160,80,300,0.5,train,True
10,9,239.18316060358669,25.724015197306016,-38.88365018471296,1.5531977016671883,0.9596181459804831,2390,0,120,30,400,0.5,train,True
10,10,376.7469436873837,29.197078087467233,-38.88495709781254,1.7267847828157687,0.9618023292913942,1654,0,200,60,300,0.5,train,True
10,10,525.7251857304474,36.879592976063456,-38.96918660023767,1.6297000707732447,1.0509631994057056,3000,0,120,80,400,0.5,train,True
10,10,368.1478229438914,28.81351775406572,-38.97644121428338,1.7331156291051988,1.0880050102567234,1918,0,160,40,400,0.5,train,True
10,10,309.77493434744247,30.697805140852786,-39.08283772200723,1.5633103593123265,0.9959480681868087,3085,0,160,40,100,0.5,train,True
10,10,479.83558937962596,32.049024013205795,-39.13935432929055,1.6919027028644764,1.1252887865744667,2456,0,160,60,200,0.5,train,True
10,10,247.55001099370986,22.46142895967094,-39.25364583275034,1.625558068301725,0.9713051756145779,1562,0,200,30,400,0.5,train,True
10,9,261.0563717788138,25.06529976374192,-39.34144759279059,1.451253048284344,0.9429343277352172,3078,0,80,30,400,0.5,train,True
10,10,233.14648527856414,25.195219106030297,-39.56396841174334,1.5657148207898381,0.9051386779776041,2143,0,200,30,100,0.5,train,True
10,10,465.5081491299188,32.58434946978842,-39.9377342521672,1.6593646322582543,1.122778444131908,2639,0,120,60,400,0.5,train,True
10,10,235.4578560316575,22.516088056498205,-40.0576289046211,1.6419499742907053,0.9905042727613453,1471,0,200,30,300,0.5,train,True
10,9,232.906679878964,22.868133260275023,-40.10664960656189,1.4707549492480712,0.9329588066332531,2352,0,120,30,200,0.5,train,True
10,9,246.75737144922527,23.83044888062956,-40.24923069340967,1.508578300925429,0.9422249814194573,2403,0,120,30,300,0.5,train,True
10,10,241.2704267437181,22.84862161062793,-40.265124510312944,1.654874428482128,0.9873039377655803,1463,0,200,30,200,0.5,train,True
10,9,247.06332659774424,24.712457873542892,-40.40372128321722,1.399498312816082,0.9562360810993642,2997,0,120,30,100,0.5,train,True
10,10,422.0020803569124,32.68441248286999,-40.420873050189584,1.5270748593242067,1.0183409915518158,3866,0,80,60,300,0.5,train,True
10,9,343.98281623235204,29.559251523265008,-40.586560611704925,1.52202897159451,1.0140350030798169,3438,0,80,40,300,0.5,train,True
10,10,362.4535490219155,27.888567005213424,-40.694960504146025,1.69307924958242,1.0954043839746355,1874,0,160,40,300,0.5,train,True
10,10,349.167412563531,29.787064318018516,-40.94154708186653,1.6224026185672917,1.115032364395307,2441,0,120,40,400,0.5,train,True
10,10,426.49950074417654,33.0353427938162,-40.948609049627265,1.4893857417819822,1.091043473045815,4009,0,120,80,200,0.5,train,True
10,10,444.52759245158825,30.77895265933135,-41.24585045035809,1.7010048979132004,1.029319238835238,1959,0,200,60,200,0.5,train,True
10,10,372.0880180560836,31.301164915706927,-41.33294254535114,1.4854332466270004,0.9536620637380733,3772,0,200,60,100,0.5,train,True
10,10,343.9493676133653,29.538326553042605,-41.68473339332726,1.53830957299688,1.022083918314995,3163,0,80,40,400,0.5,train,True
10,10,516.4303578305958,36.62098802737135,-41.72622439835874,1.6587427665157315,1.0895452810200703,3360,0,120,80,300,0.5,train,True
10,9,338.31956611073144,27.1434530561643,-41.98950977973213,1.5358992933123536,1.0886954022095834,2501,0,120,40,300,0.5,train,True
10,10,444.434376523693,31.842602369969608,-42.09977358219892,1.5423983338731748,1.0091290912208573,3419,0,80,60,400,0.5,train,True
10,9,373.5171560502753,30.929976854653063,-42.127521966774246,1.4649304612328866,0.9885637176145103,3891,0,80,40,200,0.5,train,True
10,10,419.6582374720509,31.18036144011805,-42.575855583830176,1.674438231715193,1.109286822592142,2822,0,120,60,300,0.5,train,True
10,10,300.4614142788738,30.71707949797091,-42.76445664227094,1.4727287358766126,0.9450416912091566,2460,0,160,30,100,0.65,train,True
10,9,297.4823091688551,28.932989367420923,-42.82738138152481,1.407033552923683,1.0315761058629023,3776,0,120,40,100,0.5,train,True
10,9,491.6369490362432,35.98358402483359,-42.84034547853235,1.3571898378390999,1.0795208571139696,6121,0,120,80,100,0.5,train,True
10,10,933.0611344006347,48.89966523816538,-43.219285041292785,1.6135794454536077,1.0617520809790872,2351,0,160,80,400,0.65,train,True
10,10,434.47718354283955,30.246323689608815,-43.237306294611955,1.5551435935854896,1.1334247627088012,3235,0,120,60,200,0.5,train,True
10,9,210.03806432866992,25.014935640457715,-43.269043109808685,1.3704336098053305,0.8425848584325184,3577,0,80,30,200,0.5,train,True
10,9,354.71324860634695,26.95305477099783,-43.41822249339261,1.5164508062373523,1.096589269525684,2566,0,120,40,200,0.5,train,True
10,10,776.5975177243591,42.754489596933944,-43.49707899439863,1.4215142706636303,1.0234148498451647,4638,0,200,80,100,0.65,train,True
10,9,379.8859867312586,31.61653820280838,-43.647439463487416,1.3749769824906521,1.0404931422227648,5162,0,120,60,100,0.5,train,True
10,10,888.9631441977131,45.796027309047915,-43.806937779874545,1.408737628967803,1.1030764682256096,5169,0,160,80,100,0.65,train,True
10,10,732.0267443088912,41.702918239970664,-43.99357048818339,1.6418289732103992,1.078475452973775,2048,0,160,60,400,0.65,train,True
10,10,380.2844745391937,31.8579248328572,-44.171924905125145,1.5983500170872946,1.0473948939900746,1903,0,160,30,400,0.65,train,True
10,10,396.9424068404948,29.677973737340132,-44.39360852125351,1.5762014493138783,1.0140120708705718,1834,0,160,30,300,0.65,train,True
10,10,710.3686159549986,41.22612861012299,-44.6093557377836,1.623697258428935,0.9676858079529175,1935,0,200,80,400,0.65,train,True
10,10,722.5874251196751,41.86464763310575,-44.721695667668484,1.5998591864154406,1.0182218988133096,2101,0,200,80,300,0.65,train,True
10,10,742.5603359137949,42.082928851676684,-44.83635827273535,1.6645660732712981,1.0871337314711227,2118,0,160,60,300,0.65,train,True
10,10,820.2491501898519,43.362376721547164,-44.91132281002578,1.5495398849233677,1.1187775679157257,3126,0,160,80,200,0.65,train,True
10,10,414.9428697204215,32.915069755250755,-45.1101840964057,1.4499240837414196,1.0024275099768452,4721,0,80,60,200,0.5,train,True
10,9,355.48280614781163,30.840952399616317,-45.1550542396577,1.3401970412986235,0.9278037822616674,3282,0,80,30,300,0.65,train,True
10,10,326.64284086274387,28.42404324028456,-45.353908703218465,1.574664979232398,0.9921206479363085,1807,0,160,30,200,0.65,train,True
10,9,321.5420406320694,29.91832275413099,-45.40289088878539,1.3478426310760394,0.9458300192596261,5195,0,80,40,100,0.5,train,True
10,10,508.16870121268045,33.8299946666435,-45.45763265172151,1.623149844289686,1.006935269297778,1470,0,200,40,300,0.65,train,True
10,10,544.6580616031592,36.289520323812894,-45.90685706070324,1.6694987611746301,1.038993937075975,1509,0,200,40,200,0.65,train,True
10,10,734.7785706694212,40.71427884636436,-45.91874998503176,1.512416651240752,1.0435244306209608,2624,0,200,80,200,0.65,train,True
10,10,553.9873252751286,37.67086651924401,-45.95394925048187,1.631286809231995,1.1141571408074151,1920,0,160,40,200,0.65,train,True
10,10,769.1143415942627,41.308048321435265,-46.08443216714127,1.613582008995005,1.1474905142906504,2456,0,160,60,200,0.65,train,True
10,10,594.9856276333835,37.18552211822961,-46.28087382942383,1.6513850404872024,0.9793599989050754,1654,0,200,60,300,0.65,train,True
10,10,597.6842844308034,41.385653595125035,-46.311755886603464,1.3944255694801022,1.0070588079778235,4295,0,160,60,100,0.65,train,True
10,10,851.011371074447,46.763970891946585,-46.368705063254666,1.5347930916272348,1.079443776583182,3000,0,120,80,400,0.65,train,True
10,10,594.6832486596818,36.673083958242614,-46.422441703329056,1.6722711953743397,0.9784721361694636,1637,0,200,60,400,0.65,train,True
10,9,178.86695445934225,21.928630271846217,-46.47751014302225,1.3170750378692575,0.7752421856653298,4225,0,80,30,100,0.5,train,True
10,10,465.27387385790223,35.093055750894266,-46.56036277101038,1.5044056240677102,0.9717800785603794,2685,0,200,40,100,0.65,train,True
10,10,477.11388223557014,32.6715229710685,-46.58593638756295,1.6007006151125887,0.9882850739336847,1551,0,200,40,400,0.65,train,True
10,10,376.1565932808616,28.48239546255542,-46.853965561513974,1.555255146954182,0.9912771440983805,1562,0,200,30,400,0.65,train,True
10,10,576.1477267682938,36.80126913204229,-46.96190450971337,1.6363788641791537,1.114069362592561,1918,0,160,40,400,0.65,train,True
10,10,905.0088938115222,46.446841882009736,-47.137509080311396,1.671946576378815,1.1155825899005776,2581,0,160,80,300,0.65,train,True
10,10,330.7956905842664,31.58754254912173,-47.25528663932147,1.4898320485316034,0.941367259675695,2143,0,200,30,100,0.65,train,True
10,10,481.95468024244724,40.00811357601265,-47.54545735946644,1.512796407924148,1.039231147202642,3085,0,160,40,100,0.65,train,True
10,9,340.5045461542526,32.604098483952384,-47.57265492711157,1.4819859980987564,0.9749089603224819,2390,0,120,30,400,0.65,train,True
10,9,378.76386993867163,31.353605568499965,-47.573518080821785,1.3773737791768736,0.9574486160741199,3078,0,80,30,400,0.65,train,True
10,10,358.8873957069494,28.461857741416274,-47.59250995249529,1.5517982222801425,1.0077023373179896,1463,0,200,30,200,0.65,train,True
10,10,355.5177459604572,28.53289656964404,-47.75508115497979,1.5490588212436576,1.0111538689981487,1471,0,200,30,300,0.65,train,True
10,10,534.314316223496,37.771451133879886,-48.21100771530254,1.4612907151321406,1.0549445861004623,3163,0,80,40,400,0.65,train,True
10,9,532.6531099438771,37.73994735943532,-48.283128552534336,1.4349440888719134,1.0527800537124694,3438,0,80,40,300,0.65,train,True
10,10,669.9420127378132,41.62583838404261,-48.35455915780909,1.43647569076054,1.0576390987388382,3866,0,80,60,300,0.65,train,True
10,10,761.4471184577394,41.32585010672042,-48.35485882621054,1.5827395007987668,1.1479564248857828,2639,0,120,60,400,0.65,train,True
10,10,533.1493120419132,37.98541596359443,-48.37875538785954,1.5514625526174748,1.1327332635617924,2441,0,120,40,400,0.65,train,True
10,10,580.214092489903,35.375361135694874,-48.62956203949027,1.6051134202039594,1.11940711118018,1874,0,160,40,300,0.65,train,True
10,9,337.259322975123,28.60632734078039,-48.73542100060295,1.4120286647085438,0.9440336486356166,2352,0,120,30,200,0.65,train,True
10,9,360.62201070633,29.937472815746467,-48.77586078696777,1.4438354760371643,0.9528568033170295,2403,0,120,30,300,0.65,train,True
10,10,407.6688220020326,36.64862347667156,-48.891983963477855,1.4175356711445448,0.9735092241854384,2460,0,160,30,100,0.8,train,True
10,9,343.00572638856875,31.105340449244935,-49.026248262749604,1.3469611728995934,0.9726484863231892,2997,0,120,30,100,0.65,train,True
10,10,701.7909796336656,39.64154012094207,-49.08317152677543,1.5885332496872258,1.0463960623574569,1959,0,200,60,200,0.65,train,True
10,10,676.5510417563048,41.702085695088385,-49.136833545044524,1.3972136576929879,1.1204414836647545,4009,0,120,80,200,0.65,train,True
10,9,339.2340519415483,28.37781507021343,-49.26514001704621,1.2912842555849395,0.891909356284301,6795,0,80,60,100,0.5,train,True
10,10,564.7989980935816,39.43169030514596,-49.37294134417589,1.445714831842956,0.9794300477730875,3772,0,200,60,100,0.65,train,True
10,9,555.1799722993809,38.795935411046926,-49.45194361931836,1.3839002122602313,0.99791118222917,3891,0,80,40,200,0.65,train,True
10,10,1094.2210132471955,52.2263207799263,-49.74327776113411,1.368564008688762,1.0381974159937832,4638,0,200,80,100,0.8,train,True
10,10,1451.8154324593438,59.09817960974733,-49.86931475300592,1.5333330645650631,1.0838549534263102,2351,0,160,80,400,0.8,train,True
10,9,530.4204934598439,34.22988839191192,-49.92038517271879,1.4624780613846213,1.1038996170698256,2501,0,120,40,300,0.65,train,True
10,10,825.7816872808037,46.23326943723433,-49.974558537988784,1.5541003210874624,1.1322028126844186,3360,0,120,80,300,0.65,train,True
10,9,778.6877477204682,45.51480580654632,-50.26273412675049,1.301728816541411,1.0933112521714168,6121,0,120,80,100,0.65,train,True
10,10,1246.8872327864867,55.62077290466526,-50.27213920297574,1.3536612335365907,1.1188296038899292,5169,0,160,80,100,0.8,train,True
10,10,532.6237404101955,38.22980421880652,-50.621090420926365,1.5255289487667723,1.0636031036038776,1903,0,160,30,400,0.8,train,True
10,10,982.6722159066117,48.176360414417346,-50.660751844264894,1.546517191626657,0.983875063678796,1935,0,200,80,400,0.8,train,True
10,10,1076.152991453384,50.2906469722178,-50.73250287004767,1.5123264082296162,1.0358492914072586,2101,0,200,80,300,0.8,train,True
10,10,692.6525135354525,38.602379449006804,-50.787300359547174,1.453579615533879,1.1453393219002717,3235,0,120,60,200,0.65,train,True
10,10,1118.4626011135379,50.93692178916114,-50.801744308101846,1.5920769046838736,1.104622103212562,2118,0,160,60,300,0.8,train,True
10,10,662.8040116462698,39.6791947414215,-51.02050796998051,1.567245967572163,1.1408108270038346,2822,0,120,60,300,0.65,train,True
10,9,423.9792992510928,36.59474904515952,-51.02511455021862,1.347152198933169,1.040942663934218,3776,0,120,40,100,0.65,train,True
10,10,1112.4125206470603,50.60623764395227,-51.05471210458197,1.5637291661403017,1.095148965380616,2048,0,160,60,400,0.8,train,True
10,10,541.566771783786,35.35448338333378,-51.07645346290673,1.5020947115779237,1.0246491939652946,1834,0,160,30,300,0.8,train,True
10,9,559.6166643444483,34.610498808527744,-51.22258713193965,1.4425306585225424,1.1105391711799186,2566,0,120,40,200,0.65,train,True
10,10,686.9740408324163,40.556608544352244,-51.448475446171614,1.4688265622097818,1.034815423669448,3419,0,80,60,400,0.65,train,True
10,10,444.3997799627208,34.320295504970055,-51.53694596874355,1.5202943926809978,1.0065677076387667,1807,0,160,30,200,0.8,train,True
10,10,749.886481609263,40.665598915716295,-51.7952113674049,1.5433649561120402,1.0210887833978137,1470,0,200,40,300,0.8,train,True
10,10,1268.5277944659101,52.13238585221757,-51.98710017427838,1.473710593706441,1.1375841631292816,3126,0,160,80,200,0.8,train,True
10,10,1108.720428667928,50.29360949758272,-52.11720653263282,1.5480906834782793,1.163659904031261,2456,0,160,60,200,0.8,train,True
10,10,806.0818256732534,46.125330475675284,-52.167260512662104,1.570987531801597,1.135756216313852,1920,0,160,40,200,0.8,train,True
10,9,594.33120982176,39.750626246642305,-52.4418474903259,1.3054928069326435,1.073066058463306,5162,0,120,60,100,0.65,train,True
10,9,285.54358886819,31.046928386909546,-52.582228401548704,1.314265430261865,0.8550725385103553,3577,0,80,30,200,0.65,train,True
10,10,1122.0501785668853,49.23265191554969,-52.58712960847596,1.4346503670453394,1.0592201305481397,2624,0,200,80,200,0.8,train,True
10,9,481.0402745926647,36.72641896258395,-52.713689843349044,1.2864624140485197,0.9400519510344714,3282,0,80,30,300,0.8,train,True
10,10,796.2777918149428,43.43300563820564,-53.00432129588316,1.5790447728815546,1.0577746745427128,1509,0,200,40,200,0.8,train,True
10,10,659.5642079380584,42.14210011704131,-53.19338925424463,1.4264043079444644,0.988364014206476,2685,0,200,40,100,0.8,train,True
10,10,840.4110708458231,44.86504353760411,-53.194455468911485,1.551687852339549,1.1338464128691037,1918,0,160,40,400,0.8,train,True
10,10,528.1167486593184,34.10554940924911,-53.32308099311682,1.4936014692381372,1.0081589361370167,1562,0,200,30,400,0.8,train,True
10,10,661.3090131734059,38.480102193168406,-53.32851389134862,1.524462799481055,1.0014273259107216,1551,0,200,40,400,0.8,train,True
10,10,870.7128297531947,44.74489990688534,-53.478273552420106,1.5665886974450993,0.9917767340210966,1654,0,200,60,300,0.8,train,True
10,9,455.69113333461473,36.86783439376802,-53.50912286318429,1.2924009893796966,0.9766324493825491,5195,0,80,40,100,0.65,train,True
10,10,1381.5218223634563,55.70359514605521,-53.694788551715746,1.5868655690050102,1.1367408690228913,2581,0,160,80,300,0.8,train,True
10,10,818.7656108668223,42.70474872344755,-53.819150826261044,1.5973004084240423,0.9938594798542062,1637,0,200,60,400,0.8,train,True
10,10,1284.741810168148,56.008723117016515,-53.881685844295205,1.4596183126220286,1.1014945206161544,3000,0,120,80,400,0.8,train,True
10,10,452.41459748865293,37.46196039745068,-53.914754878665605,1.4282713445245023,0.9690802171141277,2143,0,200,30,100,0.8,train,True
10,9,519.9053926864567,37.43482680842239,-53.96104268513635,1.316396975570933,0.9699027459051093,3078,0,80,30,400,0.8,train,True
10,10,893.487558378484,50.86880546210463,-54.006546257286374,1.347664307516863,1.031812279222084,4295,0,160,60,100,0.8,train,True
10,10,592.1734519338189,40.93656767228374,-54.105095296264196,1.3692278017475723,1.0035275392040213,4721,0,80,60,200,0.65,train,True
10,9,449.34346491409553,39.01099279310806,-54.15478907169014,1.4157403556772876,0.9883334419624841,2390,0,120,30,400,0.8,train,True
10,10,499.9223845083821,34.61178267836223,-54.1724915119699,1.4704735560171391,1.0258159388476686,1463,0,200,30,200,0.8,train,True
10,10,503.77841087592793,34.139218991709754,-54.28049857859317,1.4668402822479938,1.0286256734706132,1471,0,200,30,300,0.8,train,True
10,10,680.366251494974,49.09507185415557,-54.6995478617485,1.4668279016348826,1.0732196011075394,3085,0,160,40,100,0.8,train,True
10,9,755.9834049074116,45.72584520400885,-54.73811891356604,1.480268936093996,1.1474398900769156,2441,0,120,40,400,0.8,train,True
10,9,768.6835777472143,45.46021524387823,-54.8605602581746,1.3674785922218258,1.0740282806807242,3438,0,80,40,300,0.8,train,True
10,10,870.5274795367706,43.10459753725642,-55.064678994552104,1.53393544438081,1.1375139362388667,1874,0,160,40,300,0.8,train,True
10,10,774.3482783774361,45.57543431590237,-55.06739681972836,1.395605852004911,1.075759852208538,3163,0,80,40,400,0.8,train,True
10,10,955.8381846357388,47.26883430323142,-55.66841481668642,1.5032633686154107,1.0583562153024726,1959,0,200,60,200,0.8,train,True
10,10,1141.6549187848814,49.45390076064491,-55.67538519503502,1.5110563679190614,1.166548990538022,2639,0,120,60,400,0.8,train,True
10,9,247.38355958232708,26.45354865873555,-55.76555590321081,1.2785236275652445,0.7844888272742851,4225,0,80,30,100,0.65,train,True
10,9,490.96569139420086,35.479784192313446,-56.00033136449302,1.3694904708266562,0.9619710682156322,2403,0,120,30,300,0.8,train,True
10,10,778.8193659796453,47.99853629979421,-56.165890610628246,1.4071773075921514,1.0036773676378332,3772,0,200,60,100,0.8,train,True
10,9,468.84486436739905,33.74982501713237,-56.193016619728034,1.3489832469673522,0.953639103834313,2352,0,120,30,200,0.8,train,True
10,10,569.6681773385973,44.774447151965575,-56.27853005925919,1.352336770664651,1.0021137855392013,2460,0,160,30,100,1.0,train,True
10,10,982.7707236855083,50.041799110502666,-56.336749720704006,1.366872607273944,1.074524283785474,3866,0,80,60,300,0.8,train,True
10,10,998.7368166097524,49.678267960104115,-56.43548786639383,1.3289860051549969,1.1309426781879166,4009,0,120,80,200,0.8,train,True
10,9,422.748300028265,36.93594782517327,-56.49681726073854,1.2883170031563176,0.969515998244808,2997,0,120,30,100,0.8,train,True
10,9,749.2669333403235,45.76848613088438,-56.5275036163149,1.3211515057381964,1.013044504887695,3891,0,80,40,200,0.8,train,True
10,9,777.8792719165479,41.00380931056925,-56.602121413658764,1.4032126866175014,1.1168077043911362,2501,0,120,40,300,0.8,train,True
10,9,1163.909634603133,54.268725493146746,-56.6200758939897,1.2617027222424675,1.104502322589553,6121,0,120,80,100,0.8,train,True
10,10,1441.5592715467205,65.19065822717847,-56.821588006574586,1.3101363423449248,1.0544036255233231,4638,0,200,80,100,1.0,train,True
10,10,1235.5803785980802,55.11278287711838,-57.03576437554848,1.4747947324305275,1.1647796804477977,3360,0,120,80,300,0.8,train,True
10,10,774.332299772507,46.01577431114792,-57.422432810790426,1.443277895674884,1.0827256817574331,1903,0,160,30,400,1.0,train,True
10,10,1025.7508157356679,46.513796120435984,-57.52382724229872,1.3781496283333952,1.1545134501193466,3235,0,120,60,200,0.8,train,True
10,10,1698.2950168733732,60.695844080962424,-57.63437343922592,1.421172683761252,1.0543306148188158,2101,0,200,80,300,1.0,train,True
10,10,975.4637998454327,47.67779149009722,-57.645444828601484,1.485362414173145,1.1517733380449031,2822,0,120,60,300,0.8,train,True
10,9,1863.336216200842,68.06661084043789,-57.7951608956355,1.2941435725767652,1.1355515280821715,5169,0,160,80,100,1.0,train,True
10,9,825.0848493613034,41.98777857791853,-57.96369450200821,1.3829632025025937,1.122348975247223,2566,0,120,40,200,0.8,train,True
10,10,2238.421663935334,71.35483727367927,-58.088479857453166,1.448032083468843,1.1072153194348948,2351,0,160,80,400,1.0,train,True
10,10,621.261715334676,42.00086031496767,-58.47938727810125,1.4363549145982952,1.0234319602546331,1807,0,160,30,200,1.0,train,True
10,9,566.7678773851229,44.68314974321347,-58.48933801641799,1.2982082852772505,1.046819087842436,3776,0,120,40,100,0.8,train,True
10,10,1786.2749199937994,62.035644542388496,-58.495629245941785,1.5026501203467064,1.1221377263659653,2118,0,160,60,300,1.0,train,True
10,9,509.2217186776066,34.3135516537519,-58.621192631788134,1.2575883940378696,0.9064052534005178,6795,0,80,60,100,0.65,train,True
10,10,775.5535430032594,42.112479748849424,-58.708079082324474,1.4215570821178196,1.03665288847465,1834,0,160,30,300,1.0,train,True
10,10,1378.3508056054225,56.04640332125693,-58.91952600050472,1.462171858722884,1.0007684712946814,1935,0,200,80,400,1.0,train,True
10,10,1132.131398985217,49.60670919903205,-59.07201170848451,1.4561265442571798,1.0352454560832949,1470,0,200,40,300,1.0,train,True
10,10,1666.8141074052978,61.753925416125185,-59.07764789178154,1.464789165999243,1.1791501930293244,2456,0,160,60,200,1.0,train,True
10,10,1655.5374357978692,61.855174394965786,-59.16184286350777,1.4802864528336332,1.1113557965382501,2048,0,160,60,400,1.0,train,True
10,10,1233.757132447006,57.10343406655862,-59.265090691228885,1.5021310755693786,1.158117537060582,1920,0,160,40,200,1.0,train,True
10,10,1706.360358846681,59.397446634202396,-59.60347252309771,1.3551501252797415,1.075087273321185,2624,0,200,80,200,1.0,train,True
10,10,915.4931166413087,48.77873504464628,-59.64187254878499,1.4088095945578547,1.0505092110366303,3419,0,80,60,400,0.8,train,True
10,9,864.8412916211221,47.122528699341345,-59.96648326351159,1.2526930497217101,1.0967081486676427,5162,0,120,60,100,0.8,train,True
10,10,2102.106390635716,62.95535059960201,-60.189902671987156,1.3955705486637358,1.1567981774852152,3126,0,160,80,200,1.0,train,True
10,10,1285.2057768088011,55.67867404400582,-60.254409053134594,1.462064933218171,1.153985854205951,1918,0,160,40,400,1.0,train,True
10,9,598.494532150392,42.614977672250156,-60.26356398924618,1.2532878732938308,0.9931243466470401,5195,0,80,40,100,0.8,train,True
10,10,907.0673706714532,50.91183617523723,-60.49832375786576,1.352034042835991,1.0065815520517594,2685,0,200,40,100,1.0,train,True
10,9,355.820670225547,35.70455881790584,-60.53381396606462,1.2785484049437854,0.865846221634416,3577,0,80,30,200,0.8,train,True
10,10,957.5877814895625,46.14149943633046,-60.64681132787694,1.4415244620754577,1.0145480547156236,1551,0,200,40,400,1.0,train,True
10,10,771.8794413466402,41.64182875268416,-60.728994946037446,1.423250436333763,1.0268980056150838,1562,0,200,30,400,1.0,train,True
10,10,2238.259056309838,67.33836657105722,-60.90561070061345,1.4966883167894824,1.1588973245808663,2581,0,160,80,300,1.0,train,True
10,10,1203.5129316575055,52.25052321094087,-60.95113080865109,1.4778294025065215,1.0773478229758362,1509,0,200,40,200,1.0,train,True
10,10,748.2118328370748,40.918054812598214,-61.347366648154114,1.3806360090325902,1.047902664762932,1471,0,200,30,300,1.0,train,True
10,9,662.383880497038,43.667343689108485,-61.412051693462544,1.2441139266354289,0.9539205130817386,3282,0,80,30,300,1.0,train,True
10,10,724.2037596832766,42.51867556201354,-61.49293107445033,1.3849667322703616,1.047124838842517,1463,0,200,30,200,1.0,train,True
10,9,730.5348836676617,44.68300818579705,-61.638624555944936,1.2596450018116225,0.9839516712501137,3078,0,80,30,400,1.0,train,True
10,9,613.1322700759433,46.74874140767492,-61.685352735322084,1.3246132483741717,1.0039513579879746,2390,0,120,30,400,1.0,train,True
10,10,775.1584368929737,47.866808124644336,-61.756189993263256,1.3078963326596593,1.0089547911030008,4721,0,80,60,200,0.8,train,True
10,9,1108.3409843782397,55.2384069322334,-61.90803108257843,1.399206308914676,1.1634486359224145,2441,0,120,40,400,1.0,train,True
10,10,1223.7868667359446,52.28641835540112,-61.92637096983039,1.4751574420429296,1.0033122159398977,1654,0,200,60,300,1.0,train,True
10,10,651.0000975225703,46.08220202962049,-61.94982732629197,1.3583824425551172,0.9968704266094321,2143,0,200,30,100,1.0,train,True
10,10,1152.8910054703506,50.627593850938446,-62.23502359972531,1.5141588107147625,1.010149473006436,1637,0,200,60,400,1.0,train,True
10,10,1380.0097838808608,53.18520394220228,-62.329068263107146,1.4508092129988341,1.155778823389291,1874,0,160,40,300,1.0,train,True
10,10,894.7933290665221,59.70685534695649,-62.38480918331572,1.3873076479594006,1.1016126437295346,3085,0,160,40,100,1.0,train,True
10,10,2074.9657527242994,67.26641951862646,-62.49900178735198,1.3805100169165665,1.1244678913053956,3000,0,120,80,400,1.0,train,True
10,10,1225.268774307508,63.280011650037025,-62.81573679351122,1.2977999402750988,1.0554778378406526,4295,0,160,60,100,1.0,train,True
10,9,1158.0393153487732,54.92183978504707,-62.89166355974596,1.297437301767637,1.0946746530149394,3438,0,80,40,300,1.0,train,True
10,10,1278.1129688042897,55.826462746628955,-62.92908635229816,1.4156562563862316,1.069289643344,1959,0,200,60,200,1.0,train,True
10,9,315.77314615025495,29.870082396225673,-63.57290719491577,1.2445794311326692,0.7950975912199771,4225,0,80,30,100,0.8,train,True
10,10,1091.2983234716135,58.95543588252092,-63.68151306213018,1.3462619512946834,1.0271885280665989,3772,0,200,60,100,1.0,train,True
10,10,1692.316749980561,60.543501819427014,-63.903275770334645,1.4316258704578955,1.1839578572765475,2639,0,120,60,400,1.0,train,True
10,9,1203.2967951007201,50.138992670468454,-64.04573993732564,1.3391538016686844,1.1311331410074903,2501,0,120,40,300,1.0,train,True
10,9,684.4763168363486,41.929630797699275,-64.21966632259439,1.2940026031367584,0.972171498149127,2403,0,120,30,300,1.0,train,True
10,9,1677.6422619952943,64.58706453583567,-64.50884770094832,1.218191528459851,1.1163950409572845,6121,0,120,80,100,1.0,train,True
10,9,1949.9304779973713,65.7409890669789,-64.52802384900389,1.3930328154602223,1.1975514101860019,3360,0,120,80,300,1.0,train,True
10,9,663.7209103121313,39.62999432796535,-64.58702054294189,1.2766275321093554,0.9645555911528659,2352,0,120,30,200,1.0,train,True
10,9,995.9517718114109,53.43117779172303,-64.59476406623492,1.2640059946414595,1.0303445796144737,3891,0,80,40,200,1.0,train,True
10,10,1300.9539743831956,60.34501333639912,-64.6423145672041,1.2947530329241075,1.087162431350831,3866,0,80,60,300,1.0,train,True
10,9,1175.03243167411,55.19897041267747,-64.71962172382231,1.3106879959449067,1.0990306689696152,3163,0,80,40,400,1.0,train,True
10,9,1547.7261918248296,59.15883296676489,-64.79095467162388,1.2607722688235645,1.141258750012602,4009,0,120,80,200,1.0,train,True
10,10,1510.1197065910408,57.48087347884035,-64.9182987032872,1.4004422487213812,1.1626521594477253,2822,0,120,60,300,1.0,train,True
10,9,546.7773886949465,43.77001176607226,-65.3651222820142,1.2267238652015249,0.9634049681913921,2997,0,120,30,100,1.0,train,True
10,9,1194.6723102322067,51.31579753715462,-65.37295387977528,1.3185771020845265,1.135427388820553,2566,0,120,40,200,1.0,train,True
10,10,1589.958217499522,56.280382858157836,-66.16837130942532,1.3024972272124407,1.1634014668935848,3235,0,120,60,200,1.0,train,True
10,9,703.8437134565321,39.11304780367928,-66.3160027886169,1.2283844112956253,0.9133562135034556,6795,0,80,60,100,0.8,train,True
10,9,803.1958926715346,50.904599525052646,-67.31119240216755,1.232909616963901,1.0514606581683863,3776,0,120,40,100,1.0,train,True
10,10,1200.0210248024346,58.895903801934935,-67.91754711559912,1.3414957064057793,1.0577450997853577,3419,0,80,60,400,1.0,train,True
10,9,794.2149278933543,48.16931254154293,-68.14161578875998,1.2100250341949492,1.0043247583187984,5195,0,80,40,100,1.0,train,True
10,9,1313.2119394981148,56.676714539748545,-68.56156023742827,1.1994295433462878,1.1155250879290501,5162,0,120,60,100,1.0,train,True
10,9,442.2316413662777,40.50697856752367,-69.30342873952429,1.2364360704278994,0.8781049567730675,3577,0,80,30,200,1.0,train,True
10,10,1074.8482822373785,55.18603986177443,-69.56816329619852,1.245303662207502,1.0184491564922151,4721,0,80,60,200,1.0,train,True
10,9,396.2925078369906,32.60395495414147,-72.06459903078445,1.205044577568427,0.8070917888086382,4225,0,80,30,100,1.0,train,True
10,9,830.8120854027418,45.746134532045616,-74.48904338448955,1.194163721649912,0.9149205055165781,6795,0,80,60,100,1.0,train,True
