assets,profitable_assets,median_return_pct,median_cagr_pct,median_mdd_pct,median_profit_factor,median_sharpe,total_trades,total_liquidations,entry_n,exit_n,leverage,train_rank,train_median_return_pct,train_median_cagr_pct,train_median_mdd_pct,train_median_profit_factor,robust_oos,total_return_pct,cagr_pct,mdd_pct,profit_factor,sharpe,win_rate_pct,trades,liquidations,final_equity_krw,symbol
10,4,-25.379466736571587,-10.636354182285253,-78.26553994599283,0.9345584518463698,0.23938091570775788,457,0,140,100,1.5,1,6231.044942462926,105.54223670142159,-82.66475726915203,1.2821259052320197,False,181.31078530709902,45.989672476985135,-39.54946151137732,1.743409632690661,1.075616339682133,38.297872340425535,47,0,28131078.530709904,BTCUSDT
10,4,-25.379466736571587,-10.636354182285253,-78.26553994599283,0.9345584518463698,0.23938091570775788,457,0,140,100,1.5,1,6231.044942462926,105.54223670142159,-82.66475726915203,1.2821259052320197,False,79.1076850559469,23.764097425814867,-54.03243608503225,1.2491464170571673,0.6563909973203985,36.0,50,0,17910768.50559469,ETHUSDT
10,4,-25.379466736571587,-10.636354182285253,-78.26553994599283,0.9345584518463698,0.23938091570775788,457,0,140,100,1.5,1,6231.044942462926,105.54223670142159,-82.66475726915203,1.2821259052320197,False,-27.540561801176555,-11.376702050498134,-72.65512750075935,0.8965596510188978,0.04393648310223387,33.92857142857143,56,0,7245943.819882344,BNBUSDT
10,4,-25.379466736571587,-10.636354182285253,-78.26553994599283,0.9345584518463698,0.23938091570775788,457,0,140,100,1.5,1,6231.044942462926,105.54223670142159,-82.66475726915203,1.2821259052320197,False,73.34552203525226,24.382373049739293,-75.68933265417638,1.1498526201639725,0.670342416106441,22.916666666666664,48,0,17334552.203525227,XRPUSDT
10,4,-25.379466736571587,-10.636354182285253,-78.26553994599283,0.9345584518463698,0.23938091570775788,457,0,140,100,1.5,1,6231.044942462926,105.54223670142159,-82.66475726915203,1.2821259052320197,False,-23.21837167196662,-9.89600631407237,-86.61601829133589,0.9458274082199228,0.2792705262546068,35.41666666666667,48,0,7678162.832803338,ADAUSDT
10,4,-25.379466736571587,-10.636354182285253,-78.26553994599283,0.9345584518463698,0.23938091570775788,457,0,140,100,1.5,1,6231.044942462926,105.54223670142159,-82.66475726915203,1.2821259052320197,False,-31.916407285495364,-16.221914366334623,-88.84979751394765,0.9232894954728167,0.199491305160909,39.02439024390244,41,0,6808359.271450464,DOGEUSDT
10,4,-25.379466736571587,-10.636354182285253,-78.26553994599283,0.9345584518463698,0.23938091570775788,457,0,140,100,1.5,1,6231.044942462926,105.54223670142159,-82.66475726915203,1.2821259052320197,False,-36.536081273770115,-17.860586900223176,-80.84174723780929,0.8764307350783287,0.16025808245468198,34.04255319148936,47,0,6346391.872622988,LINKUSDT
10,4,-25.379466736571587,-10.636354182285253,-78.26553994599283,0.9345584518463698,0.23938091570775788,457,0,140,100,1.5,1,6231.044942462926,105.54223670142159,-82.66475726915203,1.2821259052320197,False,-78.19880483330728,-43.87786085223243,-88.62653954832001,0.6603039314528197,-0.40416809087787847,27.27272727272727,55,0,2180119.5166692724,LTCUSDT
10,4,-25.379466736571587,-10.636354182285253,-78.26553994599283,0.9345584518463698,0.23938091570775788,457,0,140,100,1.5,1,6231.044942462926,105.54223670142159,-82.66475726915203,1.2821259052320197,False,42.71297770681144,21.299696659193714,-64.37482034590339,1.1573856472412238,0.6273903660841285,43.333333333333336,30,0,14271297.770681143,SOLUSDT
10,4,-25.379466736571587,-10.636354182285253,-78.26553994599283,0.9345584518463698,0.23938091570775788,457,0,140,100,1.5,1,6231.044942462926,105.54223670142159,-82.66475726915203,1.2821259052320197,False,-75.4981790557528,-54.07289214367024,-93.46090934726881,0.720621775201176,-0.6495611262775329,28.57142857142857,35,0,2450182.0944247204,AVAXUSDT
10,5,-9.13389577272558,-5.3079682459256095,-76.62292564368882,0.955871929377363,0.26650177547664233,503,0,140,80,1.5,2,7273.384123387137,105.46619169127766,-81.88708475601405,1.2910948089098566,False,140.52850673835528,37.86023165038108,-42.17544046716184,1.497509544050734,0.9727218368500822,35.18518518518518,54,0,24052850.673835527,BTCUSDT
10,5,-9.13389577272558,-5.3079682459256095,-76.62292564368882,0.955871929377363,0.26650177547664233,503,0,140,80,1.5,2,7273.384123387137,105.46619169127766,-81.88708475601405,1.2910948089098566,False,85.32319468214385,25.31831062632266,-61.51711237181261,1.2009243123366682,0.6887674954008264,40.74074074074074,54,0,18532319.468214385,ETHUSDT
10,5,-9.13389577272558,-5.3079682459256095,-76.62292564368882,0.955871929377363,0.26650177547664233,503,0,140,80,1.5,2,7273.384123387137,105.46619169127766,-81.88708475601405,1.2910948089098566,False,-29.97871388922937,-12.50668245605453,-69.98915707852656,0.8852832750753887,0.00014041502272092932,34.92063492063492,63,0,7002128.611077063,BNBUSDT
10,5,-9.13389577272558,-5.3079682459256095,-76.62292564368882,0.955871929377363,0.26650177547664233,503,0,140,80,1.5,2,7273.384123387137,105.46619169127766,-81.88708475601405,1.2910948089098566,False,64.08122434483565,21.702034179963746,-74.35797305569307,1.1286421200856998,0.6353213720585014,24.074074074074073,54,0,16408122.434483565,XRPUSDT
10,5,-9.13389577272558,-5.3079682459256095,-76.62292564368882,0.955871929377363,0.26650177547664233,503,0,140,80,1.5,2,7273.384123387137,105.46619169127766,-81.88708475601405,1.2910948089098566,False,30.875270399448375,11.196241095107617,-76.72779606548956,1.076639954087246,0.5283286599818787,39.21568627450981,51,0,13087527.039944837,ADAUSDT
10,5,-9.13389577272558,-5.3079682459256095,-76.62292564368882,0.955871929377363,0.26650177547664233,503,0,140,80,1.5,2,7273.384123387137,105.46619169127766,-81.88708475601405,1.2910948089098566,False,4.152170315894788,1.8907459642033109,-85.01361251623543,1.0076113742408217,0.4116271692127283,40.909090909090914,44,0,10415217.031589478,DOGEUSDT
10,5,-9.13389577272558,-5.3079682459256095,-76.62292564368882,0.955871929377363,0.26650177547664233,503,0,140,80,1.5,2,7273.384123387137,105.46619169127766,-81.88708475601405,1.2910948089098566,False,-38.49946852915813,-18.969974565996374,-77.99476709839577,0.8669225518878372,0.10059627194805666,35.294117647058826,51,0,6150053.147084187,LINKUSDT
10,5,-9.13389577272558,-5.3079682459256095,-76.62292564368882,0.955871929377363,0.26650177547664233,503,0,140,80,1.5,2,7273.384123387137,105.46619169127766,-81.88708475601405,1.2910948089098566,False,-81.89889986178929,-47.699953890563975,-89.23103148835901,0.6280880977305457,-0.5332961055290154,30.0,60,0,1810110.0138210717,LTCUSDT
10,5,-9.13389577272558,-5.3079682459256095,-76.62292564368882,0.955871929377363,0.26650177547664233,503,0,140,80,1.5,2,7273.384123387137,105.46619169127766,-81.88708475601405,1.2910948089098566,False,-22.41996186134595,-12.87471744053914,-76.51805522188808,0.9041324845139043,0.1213763817405564,38.88888888888889,36,0,7758003.8138654055,SOLUSDT
10,5,-9.13389577272558,-5.3079682459256095,-76.62292564368882,0.955871929377363,0.26650177547664233,503,0,140,80,1.5,2,7273.384123387137,105.46619169127766,-81.88708475601405,1.2910948089098566,False,-54.277086898929795,-35.14158194179245,-87.79738557574235,0.8332473350736447,-0.22728471720714136,30.555555555555557,36,0,4572291.310107021,AVAXUSDT
10,4,-20.35230373861035,-8.367791732886849,-75.9813902877901,0.9459332836766977,0.25002563045019854,457,0,140,100,1.4,3,5442.475251573715,100.95375301864294,-80.4410564297236,1.31198390410777,False,168.37713829937124,43.49752869786747,-37.64262154637464,1.7628158916016068,1.0763014352499682,38.297872340425535,47,0,26837713.829937123,BTCUSDT
10,4,-20.35230373861035,-8.367791732886849,-75.9813902877901,0.9459332836766977,0.25002563045019854,457,0,140,100,1.4,3,5442.475251573715,100.95375301864294,-80.4410564297236,1.31198390410777,False,78.58764213470207,23.63251756421323,-51.571981556012325,1.2652405808487939,0.6602820921042944,36.0,50,0,17858764.213470206,ETHUSDT
10,4,-20.35230373861035,-8.367791732886849,-75.9813902877901,0.9459332836766977,0.25002563045019854,457,0,140,100,1.4,3,5442.475251573715,100.95375301864294,-80.4410564297236,1.31198390410777,False,-24.485329930815535,-9.993791284179455,-70.05967080871527,0.9014288643398328,0.04334088067273888,33.92857142857143,56,0,7551467.006918446,BNBUSDT
10,4,-20.35230373861035,-8.367791732886849,-75.9813902877901,0.9459332836766977,0.25002563045019854,457,0,140,100,1.4,3,5442.475251573715,100.95375301864294,-80.4410564297236,1.31198390410777,False,82.15060731199905,26.85086242538968,-73.38088909686975,1.176942957507925,0.6912783819085844,22.916666666666664,48,0,18215060.731199905,XRPUSDT
10,4,-20.35230373861035,-8.367791732886849,-75.9813902877901,0.9459332836766977,0.25002563045019854,457,0,140,100,1.4,3,5442.475251573715,100.95375301864294,-80.4410564297236,1.31198390410777,False,-16.219277546405163,-6.741792181594242,-84.49396989599246,0.9603086231926661,0.2938278233423146,35.41666666666667,48,0,8378072.245359483,ADAUSDT
10,4,-20.35230373861035,-8.367791732886849,-75.9813902877901,0.9459332836766977,0.25002563045019854,457,0,140,100,1.4,3,5442.475251573715,100.95375301864294,-80.4410564297236,1.31198390410777,False,-26.578749174384807,-13.259387663885413,-86.92637831104231,0.9315579441607293,0.20622343755808245,39.02439024390244,41,0,7342125.082561519,DOGEUSDT
10,4,-20.35230373861035,-8.367791732886849,-75.9813902877901,0.9459332836766977,0.25002563045019854,457,0,140,100,1.4,3,5442.475251573715,100.95375301864294,-80.4410564297236,1.31198390410777,False,-31.915465134033628,-15.324345225849079,-78.58189147871046,0.8860174864891295,0.16080279914836765,34.04255319148936,47,0,6808453.486596637,LINKUSDT
10,4,-20.35230373861035,-8.367791732886849,-75.9813902877901,0.9459332836766977,0.25002563045019854,457,0,140,100,1.4,3,5442.475251573715,100.95375301864294,-80.4410564297236,1.31198390410777,False,-74.90708518420779,-40.803792463976244,-86.68143342048589,0.6643634643109004,-0.3998886877429805,27.27272727272727,55,0,2509291.4815792204,LTCUSDT
10,4,-20.35230373861035,-8.367791732886849,-75.9813902877901,0.9459332836766977,0.25002563045019854,457,0,140,100,1.4,3,5442.475251573715,100.95375301864294,-80.4410564297236,1.31198390410777,False,42.35126050073617,21.132685756264145,-61.65372188977511,1.1713665124999018,0.6211429336273772,43.333333333333336,30,0,14235126.050073616,SOLUSDT
10,4,-20.35230373861035,-8.367791732886849,-75.9813902877901,0.9459332836766977,0.25002563045019854,457,0,140,100,1.4,3,5442.475251573715,100.95375301864294,-80.4410564297236,1.31198390410777,False,-72.05976086252797,-50.61189367539749,-92.04908557410944,0.7199813178970267,-0.6351076002931457,28.57142857142857,35,0,2794023.9137472026,AVAXUSDT
10,5,-5.238136542061289,-3.519144512167993,-74.02462141982525,0.9643684491289422,0.27030916416455475,503,0,140,80,1.4,4,6499.963129330639,100.50039073355279,-79.26431131671086,1.320429882233185,False,132.03391386231846,36.05880901548322,-39.96575154352403,1.516667488421386,0.9761102153618182,35.18518518518518,54,0,23203391.386231847,BTCUSDT
10,5,-5.238136542061289,-3.519144512167993,-74.02462141982525,0.9643684491289422,0.27030916416455475,503,0,140,80,1.4,4,6499.963129330639,100.50039073355279,-79.26431131671086,1.320429882233185,False,85.08498630068794,25.25936000696083,-58.93246032152457,1.2171256265806423,0.698901202270507,40.74074074074074,54,0,18508498.630068794,ETHUSDT
10,5,-5.238136542061289,-3.519144512167993,-74.02462141982525,0.9643684491289422,0.27030916416455475,503,0,140,80,1.4,4,6499.963129330639,100.50039073355279,-79.26431131671086,1.320429882233185,False,-26.97666256367013,-11.118754898167381,-67.36301831737686,0.8895459707782476,-0.0005434819297945343,34.92063492063492,63,0,7302333.743632987,BNBUSDT
10,5,-5.238136542061289,-3.519144512167993,-74.02462141982525,0.9643684491289422,0.27030916416455475,503,0,140,80,1.4,4,6499.963129330639,100.50039073355279,-79.26431131671086,1.320429882233185,False,74.26256182871447,24.642942373382425,-71.60379549721357,1.1556611511807882,0.6641843235336857,24.074074074074073,54,0,17426256.182871446,XRPUSDT
10,5,-5.238136542061289,-3.519144512167993,-74.02462141982525,0.9643684491289422,0.27030916416455475,503,0,140,80,1.4,4,6499.963129330639,100.50039073355279,-79.26431131671086,1.320429882233185,False,35.77134335801999,12.818726670432046,-74.09876913113823,1.0946156291952593,0.5331822367911712,39.21568627450981,51,0,13577134.335802,ADAUSDT
10,5,-5.238136542061289,-3.519144512167993,-74.02462141982525,0.9643684491289422,0.27030916416455475,503,0,140,80,1.4,4,6499.963129330639,100.50039073355279,-79.26431131671086,1.320429882233185,False,8.941067386304645,4.021602776471189,-82.82002613389466,1.0178413846365313,0.41890529267987303,40.909090909090914,44,0,10894106.738630464,DOGEUSDT
10,5,-5.238136542061289,-3.519144512167993,-74.02462141982525,0.9643684491289422,0.27030916416455475,503,0,140,80,1.4,4,6499.963129330639,100.50039073355279,-79.26431131671086,1.320429882233185,False,-33.700525943435565,-16.292225228202696,-75.49107707380209,0.8780043727862444,0.10665487924593833,35.294117647058826,51,0,6629947.405656444,LINKUSDT
10,5,-5.238136542061289,-3.519144512167993,-74.02462141982525,0.9643684491289422,0.27030916416455475,503,0,140,80,1.4,4,6499.963129330639,100.50039073355279,-79.26431131671086,1.320429882233185,False,-79.02897337687821,-44.6980779090963,-87.27072075821496,0.6300285131814972,-0.5326447447735909,30.0,60,0,2097102.6623121789,LTCUSDT
10,5,-5.238136542061289,-3.519144512167993,-74.02462141982525,0.9643684491289422,0.27030916416455475,503,0,140,80,1.4,4,6499.963129330639,100.50039073355279,-79.26431131671086,1.320429882233185,False,-19.417340470427224,-11.059891800807176,-73.95047370851229,0.910895513621353,0.1217130356492365,38.88888888888889,36,0,8058265.952957277,SOLUSDT
10,5,-5.238136542061289,-3.519144512167993,-74.02462141982525,0.9643684491289422,0.27030916416455475,503,0,140,80,1.4,4,6499.963129330639,100.50039073355279,-79.26431131671086,1.320429882233185,False,-49.93053149876216,-31.799690775498156,-85.75180199981693,0.8369072760053438,-0.21324941117346236,30.555555555555557,36,0,5006946.8501237845,AVAXUSDT
10,5,-1.792357221789576,-1.4802477911133094,-74.83503357951216,0.9887218888976039,0.33086840580160237,492,0,160,70,1.5,5,7047.000773718992,100.41896646450166,-75.82438469999106,1.3288330183986927,False,100.54053841138932,28.988834710738786,-51.708631842317246,1.3460031267738843,0.8406325886041878,35.714285714285715,56,0,20054053.841138933,BTCUSDT
10,5,-1.792357221789576,-1.4802477911133094,-74.83503357951216,0.9887218888976039,0.33086840580160237,492,0,160,70,1.5,5,7047.000773718992,100.41896646450166,-75.82438469999106,1.3288330183986927,False,78.3474513494289,23.57166309970338,-59.952312612377355,1.1896072938140974,0.6684281882302759,38.18181818181819,55,0,17834745.13494289,ETHUSDT
10,5,-1.792357221789576,-1.4802477911133094,-74.83503357951216,0.9887218888976039,0.33086840580160237,492,0,160,70,1.5,5,7047.000773718992,100.41896646450166,-75.82438469999106,1.3288330183986927,False,-28.589613743187414,-11.859933975139647,-66.42570564220122,0.8694840957618046,-0.010836516610322661,37.28813559322034,59,0,7141038.625681259,BNBUSDT
10,5,-1.792357221789576,-1.4802477911133094,-74.83503357951216,0.9887218888976039,0.33086840580160237,492,0,160,70,1.5,5,7047.000773718992,100.41896646450166,-75.82438469999106,1.3288330183986927,False,79.61619866601121,26.147866389200903,-75.80662963760666,1.1411545314037614,0.6820103936211577,25.0,52,0,17961619.86660112,XRPUSDT
10,5,-1.792357221789576,-1.4802477911133094,-74.83503357951216,0.9887218888976039,0.33086840580160237,492,0,160,70,1.5,5,7047.000773718992,100.41896646450166,-75.82438469999106,1.3288330183986927,False,30.96226589056581,11.225388013700455,-65.78879048264699,1.115604505003519,0.51890844148906,41.66666666666667,48,0,13096226.589056581,ADAUSDT
10,5,-1.792357221789576,-1.4802477911133094,-74.83503357951216,0.9887218888976039,0.33086840580160237,492,0,160,70,1.5,5,7047.000773718992,100.41896646450166,-75.82438469999106,1.3288330183986927,False,12.897288034753739,5.74411807543016,-81.20494318425595,1.0273948994216913,0.4475309117088144,39.53488372093023,43,0,11289728.803475374,DOGEUSDT
10,5,-1.792357221789576,-1.4802477911133094,-74.83503357951216,0.9887218888976039,0.33086840580160237,492,0,160,70,1.5,5,7047.000773718992,100.41896646450166,-75.82438469999106,1.3288330183986927,False,-18.979225427442636,-8.704613657656779,-78.3106032621956,0.9348241282893159,0.21420589989439026,32.6530612244898,49,0,8102077.457255736,LINKUSDT
10,5,-1.792357221789576,-1.4802477911133094,-74.83503357951216,0.9887218888976039,0.33086840580160237,492,0,160,70,1.5,5,7047.000773718992,100.41896646450166,-75.82438469999106,1.3288330183986927,False,-80.75055419304653,-46.465660706784604,-88.7248578010864,0.6329656493984153,-0.5550799593984401,31.666666666666664,60,0,1924944.580695347,LTCUSDT
10,5,-1.792357221789576,-1.4802477911133094,-74.83503357951216,0.9887218888976039,0.33086840580160237,492,0,160,70,1.5,5,7047.000773718992,100.41896646450166,-75.82438469999106,1.3288330183986927,False,-40.57219109345712,-24.612936662948282,-80.39777348882066,0.7855594376878728,-0.1518952907040882,40.54054054054054,37,0,5942780.890654288,SOLUSDT
10,5,-1.792357221789576,-1.4802477911133094,-74.83503357951216,0.9887218888976039,0.33086840580160237,492,0,160,70,1.5,5,7047.000773718992,100.41896646450166,-75.82438469999106,1.3288330183986927,False,-16.48200247833289,-9.484240815245382,-73.86343752141764,0.9500488783735166,0.1854906246092459,30.303030303030305,33,0,8351799.752166711,AVAXUSDT
10,5,-2.147542656894485,-2.894823870851753,-76.35524624983526,0.9706424136122269,0.26876513939738567,533,0,140,70,1.5,6,8022.688481242012,99.15285947431843,-79.43323323053201,1.2997179503306517,False,136.85117679768854,37.08542657505589,-46.14249178054506,1.4625949637613156,0.9779408188826478,37.93103448275862,58,0,23685117.679768853,BTCUSDT
10,5,-2.147542656894485,-2.894823870851753,-76.35524624983526,0.9706424136122269,0.26876513939738567,533,0,140,70,1.5,6,8022.688481242012,99.15285947431843,-79.43323323053201,1.2997179503306517,False,118.10331698611391,33.011751878911966,-55.84101361303409,1.2819586958534372,0.8058596128956658,41.07142857142857,56,0,21810331.698611394,ETHUSDT
10,5,-2.147542656894485,-2.894823870851753,-76.35524624983526,0.9706424136122269,0.26876513939738567,533,0,140,70,1.5,6,8022.688481242012,99.15285947431843,-79.43323323053201,1.2997179503306517,False,-36.1128043121081,-15.462911382340982,-73.48759210704092,0.8630710774077643,-0.07983874172398259,35.82089552238806,67,0,6388719.56878919,BNBUSDT
10,5,-2.147542656894485,-2.894823870851753,-76.35524624983526,0.9706424136122269,0.26876513939738567,533,0,140,70,1.5,6,8022.688481242012,99.15285947431843,-79.43323323053201,1.2997179503306517,False,96.86784758903806,30.82092694579057,-72.95626053714012,1.1643905325538542,0.7319121090072161,25.0,56,0,19686784.758903805,XRPUSDT
10,5,-2.147542656894485,-2.894823870851753,-76.35524624983526,0.9706424136122269,0.26876513939738567,533,0,140,70,1.5,6,8022.688481242012,99.15285947431843,-79.43323323053201,1.2997179503306517,False,26.378188473505837,9.673263640637476,-71.92116646199335,1.0842628762859494,0.5057216476564742,39.62264150943396,53,0,12637818.847350584,ADAUSDT
10,5,-2.147542656894485,-2.894823870851753,-76.35524624983526,0.9706424136122269,0.26876513939738567,533,0,140,70,1.5,6,8022.688481242012,99.15285947431843,-79.43323323053201,1.2997179503306517,False,24.18828592435096,10.488233457532381,-81.31786829576738,1.0444511309787154,0.5119587648553281,39.130434782608695,46,0,12418828.592435095,DOGEUSDT
10,5,-2.147542656894485,-2.894823870851753,-76.35524624983526,0.9706424136122269,0.26876513939738567,533,0,140,70,1.5,6,8022.688481242012,99.15285947431843,-79.43323323053201,1.2997179503306517,False,-52.06308760496003,-27.25166750844702,-83.40595507605164,0.8285227937802074,-0.06876077819278065,30.357142857142854,56,0,4793691.239503996,LINKUSDT
10,5,-2.147542656894485,-2.894823870851753,-76.35524624983526,0.9706424136122269,0.26876513939738567,533,0,140,70,1.5,6,8022.688481242012,99.15285947431843,-79.43323323053201,1.2997179503306517,False,-80.03664986585977,-45.721231319030494,-88.89821386327102,0.668394846922525,-0.5126281233097815,29.6875,64,0,1996335.0134140225,LTCUSDT
10,5,-2.147542656894485,-2.894823870851753,-76.35524624983526,0.9706424136122269,0.26876513939738567,533,0,140,70,1.5,6,8022.688481242012,99.15285947431843,-79.43323323053201,1.2997179503306517,False,-28.48337123813993,-16.640295462023936,-79.22290039262961,0.867683306721757,0.03180863113829718,37.5,40,0,7151662.876186007,SOLUSDT
10,5,-2.147542656894485,-2.894823870851753,-76.35524624983526,0.9706424136122269,0.26876513939738567,533,0,140,70,1.5,6,8022.688481242012,99.15285947431843,-79.43323323053201,1.2997179503306517,False,-36.41407360472625,-22.15909102186996,-80.45591225297453,0.8968336962457383,-0.010301105842286818,29.72972972972973,37,0,6358592.639527375,AVAXUSDT
10,4,-26.78716163212238,-11.395572657533336,-78.14069988146593,0.919331319063706,0.19975584482404,441,0,150,100,1.5,7,5047.6199743931165,96.0004120087948,-82.99386895620248,1.3041197288999882,False,214.93995547106763,52.14669947181845,-35.82807864778239,1.8466555401291402,1.1882543152545557,40.0,45,0,31493995.54710676,BTCUSDT
10,4,-26.78716163212238,-11.395572657533336,-78.14069988146593,0.919331319063706,0.19975584482404,441,0,150,100,1.5,7,5047.6199743931165,96.0004120087948,-82.99386895620248,1.3041197288999882,False,43.92796074765837,14.249139702073798,-57.81894706818438,1.1409268018277552,0.5191864849187056,34.0,50,0,14392796.074765837,ETHUSDT
10,4,-26.78716163212238,-11.395572657533336,-78.14069988146593,0.919331319063706,0.19975584482404,441,0,150,100,1.5,7,5047.6199743931165,96.0004120087948,-82.99386895620248,1.3041197288999882,False,-22.038637259190686,-8.91134568979104,-70.85299396129258,0.9117538760461927,0.08993881077751475,33.9622641509434,53,0,7796136.274080931,BNBUSDT
10,4,-26.78716163212238,-11.395572657533336,-78.14069988146593,0.919331319063706,0.19975584482404,441,0,150,100,1.5,7,5047.6199743931165,96.0004120087948,-82.99386895620248,1.3041197288999882,False,74.6147833231532,24.742803270047588,-76.58865752623386,1.147842413065416,0.6724439855170804,23.404255319148938,47,0,17461478.332315322,XRPUSDT
10,4,-26.78716163212238,-11.395572657533336,-78.14069988146593,0.919331319063706,0.19975584482404,441,0,150,100,1.5,7,5047.6199743931165,96.0004120087948,-82.99386895620248,1.3041197288999882,False,-31.535686005054075,-13.879799625275634,-87.52671493921939,0.9261847558942687,0.22081641160611254,36.17021276595745,47,0,6846431.399494592,ADAUSDT
10,4,-26.78716163212238,-11.395572657533336,-78.14069988146593,0.919331319063706,0.19975584482404,441,0,150,100,1.5,7,5047.6199743931165,96.0004120087948,-82.99386895620248,1.3041197288999882,False,-35.942768351927114,-18.540583039044712,-89.50920368484302,0.9124778822331432,0.16186243452362156,40.0,40,0,6405723.164807289,DOGEUSDT
10,4,-26.78716163212238,-11.395572657533336,-78.14069988146593,0.919331319063706,0.19975584482404,441,0,150,100,1.5,7,5047.6199743931165,96.0004120087948,-82.99386895620248,1.3041197288999882,False,-32.72358913424568,-15.760713198236997,-79.69274223669801,0.8786013954994861,0.17869527804196744,33.33333333333333,45,0,6727641.086575432,LINKUSDT
10,4,-26.78716163212238,-11.395572657533336,-78.14069988146593,0.919331319063706,0.19975584482404,441,0,150,100,1.5,7,5047.6199743931165,96.0004120087948,-82.99386895620248,1.3041197288999882,False,-72.12582316254468,-38.39642320043849,-86.64239500244943,0.695647071561605,-0.29074519574187324,28.846153846153843,52,0,2787417.6837455328,LTCUSDT
10,4,-26.78716163212238,-11.395572657533336,-78.14069988146593,0.919331319063706,0.19975584482404,441,0,150,100,1.5,7,5047.6199743931165,96.0004120087948,-82.99386895620248,1.3041197288999882,False,1.781274819933687,0.9631681049518503,-71.41892573534543,1.0068060687004294,0.3660837320758009,43.333333333333336,30,0,10178127.48199337,SOLUSDT
10,4,-26.78716163212238,-11.395572657533336,-78.14069988146593,0.919331319063706,0.19975584482404,441,0,150,100,1.5,7,5047.6199743931165,96.0004120087948,-82.99386895620248,1.3041197288999882,False,-67.41079022772234,-46.22205615904683,-91.14462778838059,0.7523759324449055,-0.4689913467800701,31.25,32,0,3258920.9772277665,AVAXUSDT
10,4,-15.25882364509701,-6.209716297295798,-73.48848864361517,0.9584807519280429,0.26101285974476873,457,0,140,100,1.3,8,4678.213577907636,95.9106795086334,-78.04811268129691,1.3449180959341844,False,155.38243785420812,40.915680238366335,-35.673172295521624,1.7829942298725499,1.0769372781284519,38.297872340425535,47,0,25538243.785420813,BTCUSDT
10,4,-15.25882364509701,-6.209716297295798,-73.48848864361517,0.9584807519280429,0.26101285974476873,457,0,140,100,1.3,8,4678.213577907636,95.9106795086334,-78.04811268129691,1.3449180959341844,False,77.28973089165126,23.30306003510041,-48.985905701386415,1.281600986436019,0.6641205079444119,36.0,50,0,17728973.089165125,ETHUSDT
10,4,-15.25882364509701,-6.209716297295798,-73.48848864361517,0.9584807519280429,0.26101285974476873,457,0,140,100,1.3,8,4678.213577907636,95.9106795086334,-78.04811268129691,1.3449180959341844,False,-21.519603608503836,-8.68445927995143,-67.24314280067341,0.9065663210545782,0.04253715672797241,33.92857142857143,56,0,7848039.6391496165,BNBUSDT
10,4,-15.25882364509701,-6.209716297295798,-73.48848864361517,0.9584807519280429,0.26101285974476873,457,0,140,100,1.3,8,4678.213577907636,95.9106795086334,-78.04811268129691,1.3449180959341844,False,89.980445346471,28.9861426057483,-70.90864251507267,1.2062555450857224,0.712897604942115,22.916666666666664,48,0,18998044.5346471,XRPUSDT
10,4,-15.25882364509701,-6.209716297295798,-73.48848864361517,0.9584807519280429,0.26101285974476873,457,0,140,100,1.3,8,4678.213577907636,95.9106795086334,-78.04811268129691,1.3449180959341844,False,-9.199997376455604,-3.7349733146401665,-82.07188310388021,0.9761985721412558,0.3090719158342235,35.41666666666667,48,0,9080000.26235444,ADAUSDT
10,4,-15.25882364509701,-6.209716297295798,-73.48848864361517,0.9584807519280429,0.26101285974476873,457,0,140,100,1.3,8,4678.213577907636,95.9106795086334,-78.04811268129691,1.3449180959341844,False,-21.317649913738414,-10.451055034453072,-84.7191325533103,0.9407629317148299,0.21295380365531402,39.02439024390244,41,0,7868235.008626158,DOGEUSDT
10,4,-15.25882364509701,-6.209716297295798,-73.48848864361517,0.9584807519280429,0.26101285974476873,457,0,140,100,1.3,8,4678.213577907636,95.9106795086334,-78.04811268129691,1.3449180959341844,False,-27.33108118950618,-12.902773298491233,-76.06833477215767,0.8962172989238743,0.16122499538253618,34.04255319148936,47,0,7266891.8810493825,LINKUSDT
10,4,-15.25882364509701,-6.209716297295798,-73.48848864361517,0.9584807519280429,0.26101285974476873,457,0,140,100,1.3,8,4678.213577907636,95.9106795086334,-78.04811268129691,1.3449180959341844,False,-71.26857998005822,-37.68470314670465,-84.44528806694122,0.6685777900918051,-0.39556793510213295,27.27272727272727,55,0,2873142.0019941777,LTCUSDT
10,4,-15.25882364509701,-6.209716297295798,-73.48848864361517,0.9584807519280429,0.26101285974476873,457,0,140,100,1.3,8,4678.213577907636,95.9106795086334,-78.04811268129691,1.3449180959341844,False,41.57908578697891,20.775509401754032,-58.75577870717329,1.1859605181765713,0.6144764186154132,43.333333333333336,30,0,14157908.578697892,SOLUSDT
10,4,-15.25882364509701,-6.209716297295798,-73.48848864361517,0.9584807519280429,0.26101285974476873,457,0,140,100,1.3,8,4678.213577907636,95.9106795086334,-78.04811268129691,1.3449180959341844,False,-68.29231269437244,-47.03178984214538,-90.35977654506266,0.7196618367686773,-0.6202233655946303,28.57142857142857,35,0,3170768.7305627563,AVAXUSDT
10,5,-1.7263611822057765,-0.5354560666040507,-76.33854356123597,0.9969017255058041,0.3735113114081138,421,0,160,100,1.5,9,5763.948641867817,95.7487072667133,-79.74467039450545,1.333453997496004,False,153.31541664817797,40.49736776827948,-40.17854502391944,1.623202253478439,1.009618402066267,37.77777777777778,45,0,25331541.664817795,BTCUSDT
10,5,-1.7263611822057765,-0.5354560666040507,-76.33854356123597,0.9969017255058041,0.3735113114081138,421,0,160,100,1.5,9,5763.948641867817,95.7487072667133,-79.74467039450545,1.333453997496004,False,46.35991444742671,14.951598252579569,-59.54638699021431,1.1468661501892106,0.5294655893268894,34.69387755102041,49,0,14635991.44474267,ETHUSDT
10,5,-1.7263611822057765,-0.5354560666040507,-76.33854356123597,0.9969017255058041,0.3735113114081138,421,0,160,100,1.5,9,5763.948641867817,95.7487072667133,-79.74467039450545,1.333453997496004,False,-11.517626516534374,-4.484037298140919,-63.30011904719023,0.9469251875037017,0.17291290526525088,34.69387755102041,49,0,8848237.348346563,BNBUSDT
10,5,-1.7263611822057765,-0.5354560666040507,-76.33854356123597,0.9969017255058041,0.3735113114081138,421,0,160,100,1.5,9,5763.948641867817,95.7487072667133,-79.74467039450545,1.333453997496004,False,43.604984935193755,15.43498119329798,-78.8802106484353,1.1000234599786516,0.5716589572190311,20.0,45,0,14360498.493519375,XRPUSDT
10,5,-1.7263611822057765,-0.5354560666040507,-76.33854356123597,0.9969017255058041,0.3735113114081138,421,0,160,100,1.5,9,5763.948641867817,95.7487072667133,-79.74467039450545,1.333453997496004,False,-13.759510427306587,-5.671334020954044,-83.10746012586372,0.9641460943121937,0.32597904355875085,38.63636363636363,44,0,8624048.95726934,ADAUSDT
10,5,-1.7263611822057765,-0.5354560666040507,-76.33854356123597,0.9969017255058041,0.3735113114081138,421,0,160,100,1.5,9,5763.948641867817,95.7487072667133,-79.74467039450545,1.333453997496004,False,-32.25031661431831,-16.411340829558185,-87.71274245368606,0.9118794138260518,0.1828947472268302,34.21052631578947,38,0,6774968.338568169,DOGEUSDT
10,5,-1.7263611822057765,-0.5354560666040507,-76.33854356123597,0.9969017255058041,0.3735113114081138,421,0,160,100,1.5,9,5763.948641867817,95.7487072667133,-79.74467039450545,1.333453997496004,False,8.064904152122821,3.4131251649328176,-73.79687647403664,1.0296573566994147,0.4210435792574767,37.5,40,0,10806490.415212283,LINKUSDT
10,5,-1.7263611822057765,-0.5354560666040507,-76.33854356123597,0.9969017255058041,0.3735113114081138,421,0,160,100,1.5,9,5763.948641867817,95.7487072667133,-79.74467039450545,1.333453997496004,False,-76.64588765799014,-42.394140001454915,-87.6235341762034,0.6501981407602196,-0.3867202492369011,28.846153846153843,52,0,2335411.2342009856,LTCUSDT
10,5,-1.7263611822057765,-0.5354560666040507,-76.33854356123597,0.9969017255058041,0.3735113114081138,421,0,160,100,1.5,9,5763.948641867817,95.7487072667133,-79.74467039450545,1.333453997496004,False,15.276993284359296,8.024105387465763,-65.08933952472682,1.0674042621466926,0.45945735009312433,46.42857142857143,28,0,11527699.32843593,SOLUSDT
10,5,-1.7263611822057765,-0.5354560666040507,-76.33854356123597,0.9969017255058041,0.3735113114081138,421,0,160,100,1.5,9,5763.948641867817,95.7487072667133,-79.74467039450545,1.333453997496004,False,-67.29124558997268,-46.11300436592225,-91.11214426789715,0.739283443203296,-0.48960888681416376,32.25806451612903,31,0,3270875.441002731,AVAXUSDT
10,4,-14.251387358095247,-5.929278560636369,-77.4062062141309,0.9465564854102653,0.22849805417719682,486,0,150,80,1.5,10,5508.349448948987,95.72477309894937,-79.64110014071872,1.30826764414976,False,169.36260141573118,43.690061094197866,-44.38898411874334,1.5710777455868172,1.090361225780154,36.53846153846153,52,0,26936260.14157312,BTCUSDT
10,4,-14.251387358095247,-5.929278560636369,-77.4062062141309,0.9465564854102653,0.22849805417719682,486,0,150,80,1.5,10,5508.349448948987,95.72477309894937,-79.64110014071872,1.30826764414976,False,48.92264104418791,15.683865319315537,-63.6213900252674,1.1184488211549262,0.539411365170066,38.88888888888889,54,0,14892264.10441879,ETHUSDT
10,4,-14.251387358095247,-5.929278560636369,-77.4062062141309,0.9465564854102653,0.22849805417719682,486,0,150,80,1.5,10,5508.349448948987,95.72477309894937,-79.64110014071872,1.30826764414976,False,-24.718696431000907,-10.098174119930746,-68.03642071432434,0.9002207122911382,0.04684840564871443,35.0,60,0,7528130.35689991,BNBUSDT
10,4,-14.251387358095247,-5.929278560636369,-77.4062062141309,0.9465564854102653,0.22849805417719682,486,0,150,80,1.5,10,5508.349448948987,95.72477309894937,-79.64110014071872,1.30826764414976,False,83.64969732971979,27.26390634036293,-75.29618758507058,1.1502214843464589,0.6947429780341026,25.0,52,0,18364969.732971977,XRPUSDT
10,4,-14.251387358095247,-5.929278560636369,-77.4062062141309,0.9465564854102653,0.22849805417719682,486,0,150,80,1.5,10,5508.349448948987,95.72477309894937,-79.64110014071872,1.30826764414976,False,10.655448939529876,4.0742831197155605,-78.29844587976044,1.0276393995443907,0.442891524006251,38.0,50,0,11065544.893952988,ADAUSDT
10,4,-14.251387358095247,-5.929278560636369,-77.4062062141309,0.9465564854102653,0.22849805417719682,486,0,150,80,1.5,10,5508.349448948987,95.72477309894937,-79.64110014071872,1.30826764414976,False,-3.784078285189585,-1.7603830013419919,-86.15555412285391,0.9928922585293924,0.3621354282279886,41.86046511627907,43,0,9621592.171481041,DOGEUSDT
10,4,-14.251387358095247,-5.929278560636369,-77.4062062141309,0.9465564854102653,0.22849805417719682,486,0,150,80,1.5,10,5508.349448948987,95.72477309894937,-79.64110014071872,1.30826764414976,False,-37.4468708355476,-18.372759505950743,-76.51396654850137,0.8572381869984081,0.09486068012640506,34.69387755102041,49,0,6255312.91644524,LINKUSDT
10,4,-14.251387358095247,-5.929278560636369,-77.4062062141309,0.9465564854102653,0.22849805417719682,486,0,150,80,1.5,10,5508.349448948987,95.72477309894937,-79.64110014071872,1.30826764414976,False,-78.56053665619419,-44.23282977771035,-87.86296873713282,0.6453879148851576,-0.4570613314198605,31.57894736842105,57,0,2143946.334380581,LTCUSDT
10,4,-14.251387358095247,-5.929278560636369,-77.4062062141309,0.9465564854102653,0.22849805417719682,486,0,150,80,1.5,10,5508.349448948987,95.72477309894937,-79.64110014071872,1.30826764414976,False,-44.54007720089578,-27.388759311996957,-82.417334710497,0.8032787709510872,-0.1717884763583024,38.88888888888889,36,0,5545992.279910422,SOLUSDT
10,4,-14.251387358095247,-5.929278560636369,-77.4062062141309,0.9465564854102653,0.22849805417719682,486,0,150,80,1.5,10,5508.349448948987,95.72477309894937,-79.64110014071872,1.30826764414976,False,-39.53480542338802,-24.296468140242922,-83.56996663725889,0.8805247118174416,-0.03441309326143176,33.33333333333333,33,0,6046519.4576611975,AVAXUSDT
10,5,2.266611702048798,0.4003032815884042,-72.06757151891688,0.9992210810421602,0.33658890795822494,492,0,160,70,1.4,11,5952.778945191323,95.36120049312031,-72.99062701701388,1.3605251628376327,False,94.72205272289726,27.606954362244494,-49.23165447712336,1.3630174345867394,0.8417666222282206,35.714285714285715,56,0,19472205.272289727,BTCUSDT
10,5,2.266611702048798,0.4003032815884042,-72.06757151891688,0.9992210810421602,0.33658890795822494,492,0,160,70,1.4,11,5952.778945191323,95.36120049312031,-72.99062701701388,1.3605251628376327,False,78.44501351544424,23.596387603611603,-57.386976098483956,1.2056713069632785,0.6799528243354214,38.18181818181819,55,0,17844501.351544425,ETHUSDT
10,5,2.266611702048798,0.4003032815884042,-72.06757151891688,0.9992210810421602,0.33658890795822494,492,0,160,70,1.4,11,5952.778945191323,95.36120049312031,-72.99062701701388,1.3605251628376327,False,-25.734934457542714,-10.55510259879011,-63.78078438369076,0.8746234840757484,-0.011477737649879189,37.28813559322034,59,0,7426506.554245729,BNBUSDT
10,5,2.266611702048798,0.4003032815884042,-72.06757151891688,0.9992210810421602,0.33658890795822494,492,0,160,70,1.4,11,5952.778945191323,95.36120049312031,-72.99062701701388,1.3605251628376327,False,89.93442042893716,28.973747805248617,-73.0476817767733,1.1679670861597533,0.7135721788511334,25.0,52,0,18993442.042893715,XRPUSDT
10,5,2.266611702048798,0.4003032815884042,-72.06757151891688,0.9992210810421602,0.33658890795822494,492,0,160,70,1.4,11,5952.778945191323,95.36120049312031,-72.99062701701388,1.3605251628376327,False,32.92554085175998,11.88006871956533,-63.23574399423868,1.13070558325328,0.5133156600494515,41.66666666666667,48,0,13292554.085175999,ADAUSDT
10,5,2.266611702048798,0.4003032815884042,-72.06757151891688,0.9992210810421602,0.33658890795822494,492,0,160,70,1.4,11,5952.778945191323,95.36120049312031,-72.99062701701388,1.3605251628376327,False,17.013921218668358,7.502238572335029,-78.79434255126519,1.0392459975243993,0.4539159820628134,39.53488372093023,43,0,11701392.121866835,DOGEUSDT
10,5,2.266611702048798,0.4003032815884042,-72.06757151891688,0.9992210810421602,0.33658890795822494,492,0,160,70,1.4,11,5952.778945191323,95.36120049312031,-72.99062701701388,1.3605251628376327,False,-14.812029928281401,-6.701632009158221,-75.97208480006789,0.9461222977517418,0.2192618338536364,32.6530612244898,49,0,8518797.00717186,LINKUSDT
10,5,2.266611702048798,0.4003032815884042,-72.06757151891688,0.9992210810421602,0.33658890795822494,492,0,160,70,1.4,11,5952.778945191323,95.36120049312031,-72.99062701701388,1.3605251628376327,False,-77.86966216439379,-43.55803515523687,-86.73285103479999,0.6335638094337801,-0.5546959503612862,31.666666666666664,60,0,2213033.7835606206,LTCUSDT
10,5,2.266611702048798,0.4003032815884042,-72.06757151891688,0.9992210810421602,0.33658890795822494,492,0,160,70,1.4,11,5952.778945191323,95.36120049312031,-72.99062701701388,1.3605251628376327,False,-37.20591752615636,-22.323774726804267,-77.98328145423032,0.7914429126240925,-0.14810011540292853,40.54054054054054,37,0,6279408.247384364,SOLUSDT
10,5,2.266611702048798,0.4003032815884042,-72.06757151891688,0.9992210810421602,0.33658890795822494,492,0,160,70,1.4,11,5952.778945191323,95.36120049312031,-72.99062701701388,1.3605251628376327,False,-12.480697814570762,-7.110101384960776,-71.08746126106044,0.9591961645599212,0.19826470205459895,30.303030303030305,33,0,8751930.218542924,AVAXUSDT
10,5,-1.6238362819138317,-1.7178989809637053,-71.25019420406907,0.9735673107198535,0.2738644322445864,503,0,140,80,1.3,12,5362.370789915426,95.15463356189788,-76.33771684789113,1.352727142901085,False,123.24411535363069,34.15019427980517,-37.68167225798557,1.536677865349354,0.9794616279478843,35.18518518518518,54,0,22324411.53536307,BTCUSDT
10,5,-1.6238362819138317,-1.7178989809637053,-71.25019420406907,0.9735673107198535,0.2738644322445864,503,0,140,80,1.3,12,5362.370789915426,95.15463356189788,-76.33771684789113,1.352727142901085,False,83.96859474508274,24.982437915613698,-56.186328781245486,1.2340017466346116,0.7091068947263806,40.74074074074074,54,0,18396859.474508274,ETHUSDT
10,5,-1.6238362819138317,-1.7178989809637053,-71.25019420406907,0.9735673107198535,0.2738644322445864,503,0,140,80,1.3,12,5362.370789915426,95.15463356189788,-76.33771684789113,1.352727142901085,False,-24.041077066191274,-9.795636705567823,-64.53099020424884,0.8940300028497428,-0.0014042614846067978,34.92063492063492,63,0,7595892.293380872,BNBUSDT
10,5,-1.6238362819138317,-1.7178989809637053,-71.25019420406907,0.9735673107198535,0.2738644322445864,503,0,140,80,1.3,12,5362.370789915426,95.15463356189788,-76.33771684789113,1.352727142901085,False,83.67452888566609,27.270731013804085,-68.60316764341704,1.18487967609103,0.6940192154036753,24.074074074074073,54,0,18367452.88856661,XRPUSDT
10,5,-1.6238362819138317,-1.7178989809637053,-71.25019420406907,0.9735673107198535,0.2738644322445864,503,0,140,80,1.3,12,5362.370789915426,95.15463356189788,-76.33771684789113,1.352727142901085,False,40.06270722456924,14.211923012200533,-71.3592692609898,1.1138005258049664,0.5383654540673615,39.21568627450981,51,0,14006270.722456923,ADAUSDT
10,5,-1.6238362819138317,-1.7178989809637053,-71.25019420406907,0.9735673107198535,0.2738644322445864,503,0,140,80,1.3,12,5362.370789915426,95.15463356189788,-76.33771684789113,1.352727142901085,False,13.295714820192718,5.915773170436345,-80.35538302671313,1.0291037488653978,0.42606955112773437,40.909090909090914,44,0,11329571.482019272,DOGEUSDT
10,5,-1.6238362819138317,-1.7178989809637053,-71.25019420406907,0.9735673107198535,0.2738644322445864,503,0,140,80,1.3,12,5362.370789915426,95.15463356189788,-76.33771684789113,1.352727142901085,False,-28.920435751401218,-13.732221605198557,-72.89565523811592,0.8895913833100709,0.11249890579630564,35.294117647058826,51,0,7107956.424859878,LINKUSDT
10,5,-1.6238362819138317,-1.7178989809637053,-71.25019420406907,0.9735673107198535,0.2738644322445864,503,0,140,80,1.3,12,5362.370789915426,95.15463356189788,-76.33771684789113,1.352727142901085,False,-75.8232314683407,-41.63287630090529,-85.00023068238663,0.6319983061353159,-0.5321980457433595,30.0,60,0,2417676.853165931,LTCUSDT
10,5,-1.6238362819138317,-1.7178989809637053,-71.25019420406907,0.9735673107198535,0.2738644322445864,503,0,140,80,1.3,12,5362.370789915426,95.15463356189788,-76.33771684789113,1.352727142901085,False,-16.54338738402038,-9.351571132363755,-71.14111914714834,0.918030872574309,0.12165931336143845,38.88888888888889,36,0,8345661.261597962,SOLUSDT
10,5,-1.6238362819138317,-1.7178989809637053,-71.25019420406907,0.9735673107198535,0.2738644322445864,503,0,140,80,1.3,12,5362.370789915426,95.15463356189788,-76.33771684789113,1.352727142901085,False,-45.423816961774044,-28.468902344777746,-83.40697021719774,0.8411694388741325,-0.19877599882736183,30.555555555555557,36,0,5457618.303822596,AVAXUSDT
10,4,-31.58240556570313,-15.475556618622132,-81.3059675737701,0.904116159019448,0.19981860764491144,442,0,140,110,1.5,13,4479.229230492827,94.27921450422599,-83.9868856824358,1.2513000220455608,False,156.34287728896393,41.10931824947435,-43.25885529070559,1.6592530974935946,0.9906890558202978,37.77777777777778,45,0,25634287.728896394,BTCUSDT
10,4,-31.58240556570313,-15.475556618622132,-81.3059675737701,0.904116159019448,0.19981860764491144,442,0,140,110,1.5,13,4479.229230492827,94.27921450422599,-83.9868856824358,1.2513000220455608,False,91.56630718506067,26.846494057150117,-54.37593520483781,1.2842921321884997,0.6971716257702325,39.58333333333333,48,0,19156630.718506068,ETHUSDT
10,4,-31.58240556570313,-15.475556618622132,-81.3059675737701,0.904116159019448,0.19981860764491144,442,0,140,110,1.5,13,4479.229230492827,94.27921450422599,-83.9868856824358,1.2513000220455608,False,-48.64035816890036,-22.10516192027967,-78.43373383619785,0.801845460013881,-0.18085489218018122,33.92857142857143,56,0,5135964.183109963,BNBUSDT
10,4,-31.58240556570313,-15.475556618622132,-81.3059675737701,0.904116159019448,0.19981860764491144,442,0,140,110,1.5,13,4479.229230492827,94.27921450422599,-83.9868856824358,1.2513000220455608,False,56.2059042034454,19.350802771881504,-79.72932147835068,1.1072894846740386,0.6194606311715964,23.91304347826087,46,0,15620590.420344539,XRPUSDT
10,4,-31.58240556570313,-15.475556618622132,-81.3059675737701,0.904116159019448,0.19981860764491144,442,0,140,110,1.5,13,4479.229230492827,94.27921450422599,-83.9868856824358,1.2513000220455608,False,-51.55831605399764,-24.864271898457247,-88.18959006768601,0.8499689830075536,0.07018196817970612,31.25,48,0,4844168.394600236,ADAUSDT
10,4,-31.58240556570313,-15.475556618622132,-81.3059675737701,0.904116159019448,0.19981860764491144,442,0,140,110,1.5,13,4479.229230492827,94.27921450422599,-83.9868856824358,1.2513000220455608,False,-18.222270541642573,-8.845951316964594,-87.2113908877223,0.9582633350313422,0.3101668020604675,36.84210526315789,38,0,8177772.945835743,DOGEUSDT
10,4,-31.58240556570313,-15.475556618622132,-81.3059675737701,0.904116159019448,0.19981860764491144,442,0,140,110,1.5,13,4479.229230492827,94.27921450422599,-83.9868856824358,1.2513000220455608,False,-44.94254058976369,-22.758836124093285,-82.88261366918952,0.8422807692922515,0.08947041322935542,34.78260869565217,46,0,5505745.941023631,LINKUSDT
10,4,-31.58240556570313,-15.475556618622132,-81.3059675737701,0.904116159019448,0.19981860764491144,442,0,140,110,1.5,13,4479.229230492827,94.27921450422599,-83.9868856824358,1.2513000220455608,False,-74.84928548892856,-40.752120288527884,-86.06178751598969,0.6388599223541125,-0.29610853475398863,25.49019607843137,51,0,2515071.451107144,LTCUSDT
10,4,-31.58240556570313,-15.475556618622132,-81.3059675737701,0.904116159019448,0.19981860764491144,442,0,140,110,1.5,13,4479.229230492827,94.27921450422599,-83.9868856824358,1.2513000220455608,False,22.76397379502415,11.778293762039915,-66.40034785732263,1.0902819420644025,0.5145886827033693,43.333333333333336,30,0,12276397.379502416,SOLUSDT
10,4,-31.58240556570313,-15.475556618622132,-81.3059675737701,0.904116159019448,0.19981860764491144,442,0,140,110,1.5,13,4479.229230492827,94.27921450422599,-83.9868856824358,1.2513000220455608,False,-80.78981388234257,-59.85715952691276,-94.87315049909814,0.6671307873464593,-0.7771918503200355,26.47058823529412,34,0,1921018.611765743,AVAXUSDT
10,5,1.326414321529274,-1.7505626891515798,-73.86915924194722,0.9795356024928787,0.2660723555710237,533,0,140,70,1.4,14,6603.603112675098,94.1786901770441,-77.02319051555091,1.3275108072672008,False,127.53247869432434,35.08720906483165,-43.80470168917432,1.481501005812998,0.978007526285441,37.93103448275862,58,0,22753247.869432434,BTCUSDT
10,5,1.326414321529274,-1.7505626891515798,-73.86915924194722,0.9795356024928787,0.2660723555710237,533,0,140,70,1.4,14,6603.603112675098,94.1786901770441,-77.02319051555091,1.3275108072672008,False,115.31502686988814,32.387148306177174,-53.30840177001414,1.2990405720156089,0.8156142855458196,41.07142857142857,56,0,21531502.686988816,ETHUSDT
10,5,1.326414321529274,-1.7505626891515798,-73.86915924194722,0.9795356024928787,0.2660723555710237,533,0,140,70,1.4,14,6603.603112675098,94.1786901770441,-77.02319051555091,1.3275108072672008,False,-33.01714969316446,-13.949845307188236,-70.92211358317488,0.8659015055232365,-0.0802000814836261,35.82089552238806,67,0,6698285.030683554,BNBUSDT
10,5,1.326414321529274,-1.7505626891515798,-73.86915924194722,0.9795356024928787,0.2660723555710237,533,0,140,70,1.4,14,6603.603112675098,94.1786901770441,-77.02319051555091,1.3275108072672008,False,106.45710264550603,33.31208951956859,-70.16992137313287,1.1909147718742006,0.7600463279457764,25.0,56,0,20645710.264550604,XRPUSDT
10,5,1.326414321529274,-1.7505626891515798,-73.86915924194722,0.9795356024928787,0.2660723555710237,533,0,140,70,1.4,14,6603.603112675098,94.1786901770441,-77.02319051555091,1.3275108072672008,False,28.656074039564118,10.448719928885076,-69.34505584818513,1.09795235058283,0.49985164927173337,39.62264150943396,53,0,12865607.403956411,ADAUSDT
10,5,1.326414321529274,-1.7505626891515798,-73.86915924194722,0.9795356024928787,0.2660723555710237,533,0,140,70,1.4,14,6603.603112675098,94.1786901770441,-77.02319051555091,1.3275108072672008,False,28.118953497599787,12.084793442302754,-78.93062501525824,1.056402381549556,0.517734636260867,39.130434782608695,46,0,12811895.34975998,DOGEUSDT
10,5,1.326414321529274,-1.7505626891515798,-73.86915924194722,0.9795356024928787,0.2660723555710237,533,0,140,70,1.4,14,6603.603112675098,94.1786901770441,-77.02319051555091,1.3275108072672008,False,-47.44949165344774,-24.300832345660695,-81.26981107121847,0.8364287803265887,-0.059786589111570115,30.357142857142854,56,0,5255050.834655226,LINKUSDT
10,5,1.326414321529274,-1.7505626891515798,-73.86915924194722,0.9795356024928787,0.2660723555710237,533,0,140,70,1.4,14,6603.603112675098,94.1786901770441,-77.02319051555091,1.3275108072672008,False,-77.03632663704484,-42.761272954956716,-86.92221100968133,0.6697037263395227,-0.5108851272156184,29.6875,64,0,2296367.336295516,LTCUSDT
10,5,1.326414321529274,-1.7505626891515798,-73.86915924194722,0.9795356024928787,0.2660723555710237,533,0,140,70,1.4,14,6603.603112675098,94.1786901770441,-77.02319051555091,1.3275108072672008,False,-25.46612485454124,-14.74897948152103,-76.81620490071954,0.8735090514880892,0.032293061870314,37.5,40,0,7453387.5145458765,SOLUSDT
10,5,1.326414321529274,-1.7505626891515798,-73.86915924194722,0.9795356024928787,0.2660723555710237,533,0,140,70,1.4,14,6603.603112675098,94.1786901770441,-77.02319051555091,1.3275108072672008,False,-32.014909731608874,-19.224152313747755,-77.93080272331284,0.9026688234362016,0.003626962298955571,29.72972972972973,37,0,6798509.026839112,AVAXUSDT
10,4,-12.231057360205549,-5.177860896461289,-72.15814329556972,0.9652352590941584,0.2666407026699249,457,0,140,100,1.25,15,4309.9213410323,93.22399629716037,-76.77185484477585,1.3626875267315532,False,148.87629224868832,39.59162868663717,-34.66345987121132,1.793397686370123,1.0772307570848279,38.297872340425535,47,0,24887629.22486883,BTCUSDT
10,4,-12.231057360205549,-5.177860896461289,-72.15814329556972,0.9652352590941584,0.2666407026699249,457,0,140,100,1.25,15,4309.9213410323,93.22399629716037,-76.77185484477585,1.3626875267315532,False,76.34717595021951,23.062845063425286,-47.6436348294326,1.2898871710583826,0.6660139647576659,36.0,50,0,17634717.595021952,ETHUSDT
10,4,-12.231057360205549,-5.177860896461289,-72.15814329556972,0.9652352590941584,0.2666407026699249,457,0,140,100,1.25,15,4309.9213410323,93.22399629716037,-76.77185484477585,1.3626875267315532,False,-20.076700308833118,-8.058606590886763,-65.74651117850922,0.9092392632614832,0.04205367256514815,33.92857142857143,56,0,7992329.969116688,BNBUSDT
10,4,-12.231057360205549,-5.177860896461289,-72.15814329556972,0.9652352590941584,0.2666407026699249,457,0,140,100,1.25,15,4309.9213410323,93.22399629716037,-76.77185484477585,1.3626875267315532,False,93.45066995789703,29.915527697448276,-69.6086335847665,1.2218473418323084,0.7239420233309782,22.916666666666664,48,0,19345066.995789703,XRPUSDT
10,4,-12.231057360205549,-5.177860896461289,-72.15814329556972,0.9652352590941584,0.2666407026699249,457,0,140,100,1.25,15,4309.9213410323,93.22399629716037,-76.77185484477585,1.3626875267315532,False,-5.721855222686212,-2.2971152020358154,-80.73686914185092,0.9847291182429242,0.31696587604384757,35.41666666666667,48,0,9427814.477731379,ADAUSDT
10,4,-12.231057360205549,-5.177860896461289,-72.15814329556972,0.9652352590941584,0.2666407026699249,457,0,140,100,1.25,15,4309.9213410323,93.22399629716037,-76.77185484477585,1.3626875267315532,False,-18.740259497724885,-9.112240655849446,-83.49787635509625,0.9457413999453927,0.21631552929600226,39.02439024390244,41,0,8125974.050227511,DOGEUSDT
10,4,-12.231057360205549,-5.177860896461289,-72.15814329556972,0.9652352590941584,0.2666407026699249,457,0,140,100,1.25,15,4309.9213410323,93.22399629716037,-76.77185484477585,1.3626875267315532,False,-25.070248475330725,-11.740436032293378,-74.70765300637292,0.901557956332481,0.16138092014470057,34.04255319148936,47,0,7492975.152466928,LINKUSDT
10,4,-12.231057360205549,-5.177860896461289,-72.15814329556972,0.9652352590941584,0.2666407026699249,457,0,140,100,1.25,15,4309.9213410323,93.22399629716037,-76.77185484477585,1.3626875267315532,False,-69.31611468582378,-36.11148108142183,-83.20617244567563,0.6707568817896784,-0.39338918065780604,27.27272727272727,55,0,3068388.5314176218,LTCUSDT
10,4,-12.231057360205549,-5.177860896461289,-72.15814329556972,0.9652352590941584,0.2666407026699249,457,0,140,100,1.25,15,4309.9213410323,93.22399629716037,-76.77185484477585,1.3626875267315532,False,41.04037286782758,20.525795355385345,-57.23750937696076,1.193496941445168,0.6109767001530005,43.333333333333336,30,0,14104037.286782758,SOLUSDT
10,4,-12.231057360205549,-5.177860896461289,-72.15814329556972,0.9652352590941584,0.2666407026699249,457,0,140,100,1.25,15,4309.9213410323,93.22399629716037,-76.77185484477585,1.3626875267315532,False,-66.28382866175284,-45.20098801385374,-89.3957871064498,0.7196360253732262,-0.6126169704919875,28.57142857142857,35,0,3371617.133824717,AVAXUSDT
