assets,profitable_assets,median_return_pct,median_cagr_pct,median_mdd_pct,median_profit_factor,median_sharpe,total_trades,total_liquidations,entry_n,exit_n,leverage,robust_train
10,9,2667.3690623050124,79.06362607899416,-69.28055256872615,1.4677866810633753,1.2128695476214228,925,0,140,100,1.0,True
10,9,2434.5965691492497,78.44460005031863,-70.97385454967983,1.4302613864890081,1.1577619665193164,890,0,140,110,1.0,True
10,9,2785.6633075202544,76.99524316758126,-66.72713852562038,1.4726953030661174,1.1824838948059684,1001,0,140,80,1.0,True
10,9,2383.9194611774947,76.25744662718131,-68.22635646057935,1.487732631893176,1.150177051834898,899,0,150,100,1.0,True
10,9,2464.189144260504,74.70747037389103,-64.35837127876601,1.5304512537202222,1.1814354410361814,869,0,160,100,1.0,True
10,9,2320.898726575573,73.73945918025882,-70.934861932806,1.446482479399611,1.1344742278426372,865,0,150,110,1.0,True
10,10,2635.4950623303566,72.17796694939021,-58.87162220099385,1.526038241938576,1.1763098571631447,983,0,160,70,1.0,True
10,9,1955.5232385991874,72.0464850945155,-68.92004366941373,1.4723594010599994,1.126167791974051,967,0,130,100,1.0,True
10,9,1929.2269561139965,71.64128339810506,-70.43004626268834,1.4303317227788455,1.080528275841659,1009,0,120,100,1.0,True
10,10,2344.982489678959,71.5948956384491,-63.769809606401296,1.4893797743348725,1.125270395111993,973,0,150,80,1.0,True
10,9,2682.0800493504807,71.40960524846002,-64.773779437891,1.4751354980827203,1.192633303913546,1048,0,140,70,1.0,True
10,9,2202.7337621797615,71.35927279237646,-73.16445593559112,1.429692496527414,1.105030966858039,931,0,130,110,1.0,True
10,9,2268.541801647101,71.14302903642793,-74.52771890628675,1.3824870577745183,1.1385581242744118,845,0,140,120,1.0,True
10,10,1943.9569456920824,70.8120396842254,-70.68985958327363,1.4019942194153683,1.131887295095146,823,0,150,120,1.0,True
10,9,2417.1843049159943,70.54763358821049,-65.90596307377285,1.5066172907635678,1.1529118838878443,967,0,140,90,1.0,True
10,9,2509.8045681698595,70.23100166089661,-74.40638873185736,1.3624836325545768,1.1001752308353412,881,0,130,120,1.0,True
10,9,2453.255457222309,70.12458642636825,-64.0300868851257,1.5644202547345913,1.1502484918453093,908,0,160,90,1.0,True
10,10,2487.721301658142,69.97557994648218,-58.24793830676427,1.5302708425742688,1.1525675298948754,940,0,160,80,1.0,True
10,10,2509.35497452414,69.29059861258297,-60.13241410436649,1.4961631470073167,1.1194725750135992,952,0,170,70,1.0,True
10,10,2423.3397485569394,69.24546209174409,-61.54102892074962,1.478042832200217,1.1373159569335543,1018,0,150,70,1.0,True
10,9,1911.1026357308765,69.19491891420998,-70.84436646531589,1.3928992120984538,1.0565037887833952,970,0,120,110,1.0,True
10,9,2368.0015715384925,69.08175076262305,-68.34010130053099,1.4855875099227054,1.1605216785467625,836,0,160,110,1.0,True
10,9,2323.7870664187967,68.86405653544068,-66.79690924260018,1.508808865488009,1.1413336691218043,842,0,170,100,1.0,True
10,9,2376.8274064568704,67.78569872331688,-62.81659060618866,1.53398956858147,1.1063100703966828,880,0,170,90,1.0,True
10,10,2454.6846246806704,67.77654429060374,-58.75339883401611,1.5031981810536035,1.1075311817434104,911,0,170,80,1.0,True
10,9,2428.2205506885366,67.71043481517133,-68.84161717474741,1.4694049377025993,1.1416370326121734,809,0,170,110,1.0,True
10,9,2275.491614262204,67.67613914081048,-67.09033985246465,1.5232465536601205,1.11237861233134,940,0,150,90,1.0,True
10,9,2194.5902875231213,67.47249458247869,-63.79944816413689,1.47529939638844,1.2070147945379894,1098,0,130,70,1.0,True
10,9,2039.1616469659393,66.93010924886642,-69.72805271984132,1.4751658412842326,1.1526762449484211,1049,0,130,80,1.0,True
10,10,2130.485661048425,66.57495102417741,-57.99750805662345,1.4891498503300875,1.0791429070958007,889,0,180,80,1.0,True
10,10,2059.785402336498,66.4317302664976,-58.51218925497042,1.4894309533917056,1.0848158889957953,930,0,180,70,1.0,True
10,10,2279.899243073197,66.09124635600267,-69.62213904006305,1.4165476279295677,1.1537115050373097,796,0,160,120,1.0,True
10,9,1989.3856074240798,65.82109135431416,-65.73869906868862,1.4278297847128403,1.2044892737595854,1129,0,140,60,1.0,True
10,10,2061.7610156800583,65.79799868474171,-65.23769385294881,1.4998632941461925,1.0954930588826088,822,0,180,100,1.0,True
10,10,2174.313086959029,65.61893664200754,-69.51856325270097,1.417315208810551,1.1263519520885845,770,0,170,120,1.0,True
10,9,1980.8375983842238,64.89608588298347,-63.99377375831674,1.452707959744222,1.1755556598520747,1149,0,120,70,1.0,True
10,10,1954.7957037027998,64.60377828116907,-70.10173151153963,1.4338358998562022,1.1429650834519793,752,0,180,120,1.0,True
10,9,1798.6574031358064,64.33101671140565,-69.3011166699157,1.4503549423737878,1.1435822477620556,1097,0,120,80,1.0,True
10,9,2084.340647727469,64.06803413830632,-66.60501255070469,1.4521574284375474,1.2133950581538893,1181,0,130,60,1.0,True
10,10,1973.1793130886508,63.833066845969086,-61.97794494767311,1.5165848203571375,1.057661461550906,860,0,180,90,1.0,True
10,9,1909.9954063486946,63.77698948659104,-71.40633991018319,1.5103327257625145,1.1634761403873104,1011,0,130,90,1.0,True
10,10,1746.1879317974915,63.111533857687895,-62.796126854552654,1.486860499025744,1.1325156773834504,1058,0,160,60,1.0,True
10,10,1811.609045801655,62.297647711783725,-63.62397500960563,1.450042927528573,1.1466466364535606,1094,0,150,60,1.0,True
10,10,1736.1840057254003,61.32849524377451,-61.509746865075414,1.5435178792692752,1.0524608142153684,764,0,210,100,1.0,True
10,10,1771.4738587491834,61.21908785065342,-61.196204328956554,1.4736595850099856,1.0537350152559173,909,0,190,70,1.0,True
10,10,1861.5008083889047,61.188671446031684,-66.51196111483063,1.4684057404025084,1.1018488726151392,789,0,180,110,1.0,True
10,10,1741.4247524324824,60.97068498503333,-65.30133368926533,1.4868040364359476,1.0494679177755402,781,0,200,100,1.0,True
10,9,1529.348768053218,60.82445268171685,-66.74643409815701,1.4396216812745304,1.2418697657161806,1316,0,140,40,1.0,True
10,10,1815.1291466758146,60.54647282464131,-60.36838893296836,1.4539212186105144,1.040551568926583,869,0,190,80,1.0,True
10,10,1474.6571059022067,60.39301572729026,-66.44303555706341,1.474604409013515,1.2043717623806265,1273,0,150,40,1.0,True
10,9,1659.3016693611376,60.35743619072742,-68.75923842091248,1.46660853064146,1.0944077496467055,1270,0,130,50,1.0,True
10,10,1853.1407855341927,60.285577376535386,-61.7114505743168,1.5699727353224175,1.0931364057918889,1022,0,170,60,1.0,True
10,9,1642.0052568509082,60.14559416549024,-69.71372331897439,1.3998942745201526,1.1050240748577576,1057,0,120,90,1.0,True
10,10,1635.4060980540312,59.73032421461065,-64.63564988105082,1.4600101233688376,1.0593091377148496,804,0,190,100,1.0,True
10,10,1559.6505138433554,59.233480288938765,-61.93825483613384,1.4743449178246972,1.0205235130135746,842,0,200,80,1.0,True
10,9,1646.4445170672516,58.843814833277904,-68.6153264137411,1.4819098544362783,1.1518924706484515,1239,0,120,60,1.0,True
10,9,1469.1311391002323,58.78957971357526,-62.17668761243782,1.464431175114674,1.150927523933294,1177,0,150,50,1.0,True
10,10,1495.4511011022514,58.71409735228333,-69.89000527422488,1.3994337769968959,1.0856569606548447,737,0,190,120,1.0,True
10,10,1505.9045377293887,58.549673589965636,-54.92589359504862,1.512897216276728,1.0200261802569088,822,0,210,80,1.0,True
10,10,1500.736482457526,58.52006716088908,-59.21290019093074,1.4462887660214074,1.0225230069191182,881,0,200,70,1.0,True
10,10,1456.6897252608214,58.228164904059724,-59.103014898263325,1.486285450406093,1.1307364972130598,1139,0,160,50,1.0,True
10,10,1634.8846978258398,58.04890918806106,-66.68461716485575,1.4477995585470629,1.0536401815686987,751,0,200,110,1.0,True
10,10,1610.6847028143884,58.00356112601861,-69.24784947538618,1.368602799267301,1.0587368130270685,716,0,200,120,1.0,True
10,10,1694.6747403119368,57.908122117505485,-61.52604408290469,1.4756318236724661,1.0373995496777024,842,0,190,90,1.0,True
10,10,1638.2402813712242,57.903143256387594,-66.83526145041387,1.4294440986339771,1.0636365614990049,773,0,190,110,1.0,True
10,10,1617.212100695721,57.78581925130307,-62.704412313627586,1.5557897510427998,1.0647056720512682,998,0,180,60,1.0,True
10,10,1438.9651839133282,57.69852960590024,-58.75964381748498,1.4699464174857026,1.0176932851859557,860,0,210,70,1.0,True
10,10,1588.0792802828923,57.34930130436351,-60.78643226409609,1.5711121785997881,1.0306271668499989,750,0,220,100,1.0,True
10,10,1630.6692712351123,57.32435732638314,-58.60893986115438,1.5665072968426146,1.175667439560629,1187,0,170,40,1.0,True
10,9,1426.3902405415215,57.06482576215372,-67.82806067102854,1.4031225786771735,1.1515090454328165,1215,0,140,50,1.0,True
10,9,1183.0428677266552,56.79841041998212,-67.49315963126841,1.395158683483202,1.1912132905347106,1376,0,130,40,1.0,True
10,10,1439.903639380283,56.79651107916061,-63.43564166758443,1.498769254615481,1.0023480875561708,815,0,200,90,1.0,True
10,10,1404.8326534083862,56.77418488105312,-61.24133882048494,1.543840685732627,0.9971770942270229,797,0,210,90,1.0,True
10,9,1419.5772991716215,56.59254480204227,-70.09501362306051,1.4850115904502306,1.050891187806771,1338,0,120,50,1.0,True
10,10,1418.0635331342364,56.37750679749131,-59.88287873333384,1.5271199238363822,1.2069134993055353,1230,0,160,40,1.0,True
10,10,1464.0850148236063,56.17285904742275,-64.55413971889499,1.4257620169118148,1.069854571131715,703,0,210,120,1.0,True
10,10,1330.1531707895385,55.852086607415984,-55.677750729589825,1.5260651723626264,0.9970847806077292,806,0,220,80,1.0,True
10,10,1424.638654319443,55.818930267523456,-57.97712162557933,1.524275051248011,1.1328120281819274,1160,0,180,40,1.0,True
10,10,1435.0258230902896,55.67656231652182,-65.78320600230384,1.4466123006961142,1.079461965400354,690,0,220,120,1.0,True
10,10,1463.2568575985829,55.42379058709196,-65.73327132322135,1.537869006959188,1.0428353553417877,974,0,190,60,1.0,True
10,10,1291.3075195875495,55.07866263640808,-55.795587723108596,1.4733703841653187,1.010294873521946,844,0,220,70,1.0,True
10,10,1403.1892000063604,54.77007412725475,-63.19867504414843,1.4984091124681282,1.0569747730227563,736,0,210,110,1.0,True
10,10,1307.0951870568786,54.435181529797674,-59.86803014712298,1.5745267769333382,1.1216046551399168,1073,0,180,50,1.0,True
10,10,1236.630846031373,54.0945261338598,-61.73415525423989,1.5492056594357668,0.9778620208975258,782,0,220,90,1.0,True
10,10,1215.9781886461394,53.78217378669632,-57.677480062811625,1.5728805554916976,1.0549774610883018,983,0,210,50,1.0,True
10,10,1287.2593721422327,53.29067418369888,-58.19599958126499,1.5872707944407236,1.1492221775038205,1099,0,170,50,1.0,True
10,9,1053.46753858636,52.4746325392343,-67.68485233878468,1.2985312118735401,1.125218212118324,1448,0,120,40,1.0,True
10,10,1263.0689085300269,52.247236130454766,-61.39660926224862,1.519347965284234,1.107948785201799,1131,0,190,40,1.0,True
10,10,1151.0244361266425,51.57653155042814,-63.599161457787346,1.4974248346903343,1.0148908352510604,918,0,210,60,1.0,True
10,10,1119.1101496781034,51.03132413643921,-62.15478467615401,1.4931146062151652,1.0082034947226028,902,0,220,60,1.0,True
10,10,1118.59047855069,50.96217012513744,-60.22923013071386,1.5205020087334535,1.073527613750537,1009,0,200,50,1.0,True
10,10,1181.5510702940394,50.48976221754195,-58.1510850545943,1.5941822041543192,1.0305218658600757,966,0,220,50,1.0,True
10,10,1158.6523862149265,50.08269337842084,-59.9550377499785,1.5089335084933995,1.0791806425372992,1091,0,200,40,1.0,True
10,10,1140.3029738690302,49.841742012238434,-67.73226129843918,1.4930839213821945,0.9940924814493202,942,0,200,60,1.0,True
10,10,1123.4643286564487,49.57653051386232,-62.483287100536884,1.4961537176249355,1.0218921057727344,722,0,220,110,1.0,True
10,10,1081.266487052521,49.109409917736734,-58.50329597019074,1.5572485676871137,1.0955391429874406,1046,0,190,50,1.0,True
10,10,1078.213183726534,48.5387349326038,-57.687170984624984,1.4913800871034977,1.0560226571209663,1063,0,210,40,1.0,True
10,10,896.6069471287574,44.51395422016978,-56.66664853390161,1.4503752275409842,1.0063790157242098,1046,0,220,40,1.0,True
