assets,profitable_assets,median_return_pct,median_cagr_pct,median_mdd_pct,median_profit_factor,median_sharpe,total_trades,entry_n,exit_n,ema_n,strong_threshold,base_exposure,strong_exposure,part,train_rank,train_cagr_pct,train_mdd_pct,mdd35_ok,total_return_pct,cagr_pct,mdd_pct,profit_factor,sharpe,win_rate_pct,trades,liquidations,final_equity_krw,symbol
10,8,26.68383340098015,10.004039793136588,-25.746366752489273,1.6584689740038818,0.6435029301195514,336,160,40,400,1.1,0.5,0.75,oos,1,28.482088941079308,-43.07853438576773,True,28.111517851442414,9.611745931134298,-18.327876038198564,1.8660646450816294,0.7790511660596198,33.33333333333333,48,0,12811151.785144242,BTCUSDT
10,8,26.68383340098015,10.004039793136588,-25.746366752489273,1.6584689740038818,0.6435029301195514,336,160,40,400,1.1,0.5,0.75,oos,1,28.482088941079308,-43.07853438576773,True,51.50977759466977,16.639597600771516,-19.98367787105828,1.8041885671014957,0.9791407957970348,36.36363636363637,44,0,15150977.759466976,ETHUSDT
10,8,26.68383340098015,10.004039793136588,-25.746366752489273,1.6584689740038818,0.6435029301195514,336,160,40,400,1.1,0.5,0.75,oos,1,28.482088941079308,-43.07853438576773,True,-8.634058239538078,-3.371224834082087,-28.96039987164365,0.856685987264821,-0.1365011937770962,29.82456140350877,57,0,9136594.176046193,BNBUSDT
10,8,26.68383340098015,10.004039793136588,-25.746366752489273,1.6584689740038818,0.6435029301195514,336,160,40,400,1.1,0.5,0.75,oos,1,28.482088941079308,-43.07853438576773,True,158.7359478303229,46.555746124593476,-25.995073823843416,2.532357154632694,1.4722606996344316,38.70967741935484,31,0,25873594.78303229,XRPUSDT
10,8,26.68383340098015,10.004039793136588,-25.746366752489273,1.6584689740038818,0.6435029301195514,336,160,40,400,1.1,0.5,0.75,oos,1,28.482088941079308,-43.07853438576773,True,67.32414525524557,22.851602148009253,-27.755310006794907,2.6153256500415183,0.8825718948285606,45.83333333333333,24,0,16732414.525524557,ADAUSDT
10,8,26.68383340098015,10.004039793136588,-25.746366752489273,1.6584689740038818,0.6435029301195514,336,160,40,400,1.1,0.5,0.75,oos,1,28.482088941079308,-43.07853438576773,True,109.8814803662631,41.45379701444123,-28.869858927050974,2.1909476859526538,1.288686543419314,44.44444444444444,27,0,20988148.03662631,DOGEUSDT
10,8,26.68383340098015,10.004039793136588,-25.746366752489273,1.6584689740038818,0.6435029301195514,336,160,40,400,1.1,0.5,0.75,oos,1,28.482088941079308,-43.07853438576773,True,25.256148950517886,10.396333655138879,-25.497659681135133,1.4544532122274447,0.507954694179483,31.25,32,0,12525614.895051789,LINKUSDT
10,8,26.68383340098015,10.004039793136588,-25.746366752489273,1.6584689740038818,0.6435029301195514,336,160,40,400,1.1,0.5,0.75,oos,1,28.482088941079308,-43.07853438576773,True,-19.277799675459672,-7.898755925915879,-48.86321437243094,0.7683455101704009,-0.1954373939017258,33.33333333333333,36,0,8072220.032454032,LTCUSDT
10,8,26.68383340098015,10.004039793136588,-25.746366752489273,1.6584689740038818,0.6435029301195514,336,160,40,400,1.1,0.5,0.75,oos,1,28.482088941079308,-43.07853438576773,True,13.325199098918183,7.164951778958528,-21.202217667066403,1.512749380906268,0.46800323951972,40.909090909090914,22,0,11332519.909891818,SOLUSDT
10,8,26.68383340098015,10.004039793136588,-25.746366752489273,1.6584689740038818,0.6435029301195514,336,160,40,400,1.1,0.5,0.75,oos,1,28.482088941079308,-43.07853438576773,True,1.5846083133626232,0.890553341173006,-18.437074794530883,1.071037477028287,0.1342984038818018,40.0,15,0,10158460.831336262,AVAXUSDT
10,8,31.477814776626715,11.270765119424953,-23.70792858572639,1.726785872982008,0.6528076659431705,367,160,40,300,1.1,0.35,0.75,oos,2,28.355064964875353,-43.380944642656104,True,42.46393624213445,14.009621160619524,-17.00012229048873,2.429002400812698,1.1439622443468278,38.0,50,0,14246393.624213444,BTCUSDT
10,8,31.477814776626715,11.270765119424953,-23.70792858572639,1.726785872982008,0.6528076659431705,367,160,40,300,1.1,0.35,0.75,oos,2,28.355064964875353,-43.380944642656104,True,80.14254510731627,24.36425241510154,-18.025033013987535,2.25678134094073,1.357847964636191,43.90243902439025,41,0,18014254.510731626,ETHUSDT
10,8,31.477814776626715,11.270765119424953,-23.70792858572639,1.726785872982008,0.6528076659431705,367,160,40,300,1.1,0.35,0.75,oos,2,28.355064964875353,-43.380944642656104,True,0.8950615638239956,0.33899205360847784,-29.1133458779414,1.0142709846487346,0.0993069118540111,32.142857142857146,56,0,10089506.1563824,BNBUSDT
10,8,31.477814776626715,11.270765119424953,-23.70792858572639,1.726785872982008,0.6528076659431705,367,160,40,300,1.1,0.35,0.75,oos,2,28.355064964875353,-43.380944642656104,True,171.11507493442284,49.33578696229031,-23.98345530171534,3.1792958757264564,1.552316662953318,30.303030303030305,33,0,27111507.493442286,XRPUSDT
10,8,31.477814776626715,11.270765119424953,-23.70792858572639,1.726785872982008,0.6528076659431705,367,160,40,300,1.1,0.35,0.75,oos,2,28.355064964875353,-43.380944642656104,True,63.662902907282955,21.769720841341922,-27.98226704816169,2.460794975626782,0.8611888879615619,42.30769230769231,26,0,16366290.290728295,ADAUSDT
10,8,31.477814776626715,11.270765119424953,-23.70792858572639,1.726785872982008,0.6528076659431705,367,160,40,300,1.1,0.35,0.75,oos,2,28.355064964875353,-43.380944642656104,True,95.315141763665,36.77346544071403,-30.992155955679902,2.096082613006217,1.186412872187692,40.74074074074074,27,0,19531514.1763665,DOGEUSDT
10,8,31.477814776626715,11.270765119424953,-23.70792858572639,1.726785872982008,0.6528076659431705,367,160,40,300,1.1,0.35,0.75,oos,2,28.355064964875353,-43.380944642656104,True,20.491693311118976,8.531909078230381,-23.43240186973744,1.3574891329577994,0.44442644392477915,24.390243902439025,41,0,12049169.331111897,LINKUSDT
10,8,31.477814776626715,11.270765119424953,-23.70792858572639,1.726785872982008,0.6528076659431705,367,160,40,300,1.1,0.35,0.75,oos,2,28.355064964875353,-43.380944642656104,True,-28.745675372282598,-12.20937158795612,-52.77107473636311,0.6366708428429805,-0.396816666478038,22.22222222222222,45,0,7125432.46277174,LTCUSDT
10,8,31.477814776626715,11.270765119424953,-23.70792858572639,1.726785872982008,0.6528076659431705,367,160,40,300,1.1,0.35,0.75,oos,2,28.355064964875353,-43.380944642656104,True,5.632104510984726,3.0774411019746317,-20.93533133541928,1.2130384431612544,0.2582181718840389,42.857142857142854,28,0,10563210.451098472,SOLUSDT
10,8,31.477814776626715,11.270765119424953,-23.70792858572639,1.726785872982008,0.6528076659431705,367,160,40,300,1.1,0.35,0.75,oos,2,28.355064964875353,-43.380944642656104,True,-6.959100402450669,-3.9861051656325586,-19.522322027014162,0.7601145206992757,-0.1876407351512073,30.0,20,0,9304089.959754933,AVAXUSDT
10,8,25.023557172848665,9.504178130875873,-23.664496383182573,1.6646092831897445,0.6207039372132941,336,160,40,400,1.1,0.35,0.75,oos,3,27.66207698301252,-41.03360469681658,True,23.818547555300064,8.236408891289049,-16.489196523286196,1.7971702909963119,0.7158534544346089,29.166666666666668,48,0,12381854.755530007,BTCUSDT
10,8,25.023557172848665,9.504178130875873,-23.664496383182573,1.6646092831897445,0.6207039372132941,336,160,40,400,1.1,0.35,0.75,oos,3,27.66207698301252,-41.03360469681658,True,54.88620376845894,17.59587330445931,-19.058404677622832,1.9357992584339234,1.0484224634111186,36.36363636363637,44,0,15488620.376845894,ETHUSDT
10,8,25.023557172848665,9.504178130875873,-23.664496383182573,1.6646092831897445,0.6207039372132941,336,160,40,400,1.1,0.35,0.75,oos,3,27.66207698301252,-41.03360469681658,True,-8.451377062788834,-3.2978943092378032,-28.88990676040747,0.8422471464602715,-0.1487580888210432,29.82456140350877,57,0,9154862.293721117,BNBUSDT
10,8,25.023557172848665,9.504178130875873,-23.664496383182573,1.6646092831897445,0.6207039372132941,336,160,40,400,1.1,0.35,0.75,oos,3,27.66207698301252,-41.03360469681658,True,161.18382166596749,47.111685336930044,-23.983455301715363,2.86287540104065,1.506682094269507,35.483870967741936,31,0,26118382.166596748,XRPUSDT
10,8,25.023557172848665,9.504178130875873,-23.664496383182573,1.6646092831897445,0.6207039372132941,336,160,40,400,1.1,0.35,0.75,oos,3,27.66207698301252,-41.03360469681658,True,59.17266937413637,20.42285342419321,-27.357575442493566,2.4235026359502054,0.819561982658896,37.5,24,0,15917266.937413637,ADAUSDT
10,8,25.023557172848665,9.504178130875873,-23.664496383182573,1.6646092831897445,0.6207039372132941,336,160,40,400,1.1,0.35,0.75,oos,3,27.66207698301252,-41.03360469681658,True,88.29377948824617,34.45101955105652,-30.46313529802862,1.98191236810416,1.133316727565279,40.74074074074074,27,0,18829377.948824618,DOGEUSDT
10,8,25.023557172848665,9.504178130875873,-23.664496383182573,1.6646092831897445,0.6207039372132941,336,160,40,400,1.1,0.35,0.75,oos,3,27.66207698301252,-41.03360469681658,True,26.228566790397267,10.771947370462698,-23.34553746464978,1.532048275383177,0.5255544199919794,25.0,32,0,12622856.679039726,LINKUSDT
10,8,25.023557172848665,9.504178130875873,-23.664496383182573,1.6646092831897445,0.6207039372132941,336,160,40,400,1.1,0.35,0.75,oos,3,27.66207698301252,-41.03360469681658,True,-21.319174384836938,-8.800705429038935,-48.47643532893772,0.7255138483661552,-0.2434065398433739,33.33333333333333,36,0,7868082.561516306,LTCUSDT
10,8,25.023557172848665,9.504178130875873,-23.664496383182573,1.6646092831897445,0.6207039372132941,336,160,40,400,1.1,0.35,0.75,oos,3,27.66207698301252,-41.03360469681658,True,9.50008320976532,5.1486273624794965,-20.627639148052033,1.4000861581715385,0.3705997790885461,40.909090909090914,22,0,10950008.320976533,SOLUSDT
10,8,25.023557172848665,9.504178130875873,-23.664496383182573,1.6646092831897445,0.6207039372132941,336,160,40,400,1.1,0.35,0.75,oos,3,27.66207698301252,-41.03360469681658,True,0.5250644280964778,0.2957645616836979,-19.063731659104565,1.0243499620078638,0.09309040597299553,40.0,15,0,10052506.442809649,AVAXUSDT
10,8,32.05638492520243,10.914479637263419,-22.314001189454018,1.8042346876317232,0.7319972520702891,384,160,30,300,1.1,0.5,0.75,oos,4,27.02332859664174,-43.49000317302348,True,49.20786574578637,15.979931194890739,-19.07970781402121,2.370255229694503,1.2287904705145323,40.74074074074074,54,0,14920786.574578637,BTCUSDT
10,8,32.05638492520243,10.914479637263419,-22.314001189454018,1.8042346876317232,0.7319972520702891,384,160,30,300,1.1,0.5,0.75,oos,4,27.02332859664174,-43.49000317302348,True,80.64545002987825,24.492758895907563,-15.975272941157515,2.270969653900726,1.359301660823006,47.72727272727273,44,0,18064545.002987824,ETHUSDT
10,8,32.05638492520243,10.914479637263419,-22.314001189454018,1.8042346876317232,0.7319972520702891,384,160,30,300,1.1,0.5,0.75,oos,4,27.02332859664174,-43.49000317302348,True,14.904904104618488,5.418222247528859,-22.32429782567056,1.2260334628100134,0.40836497910306646,36.84210526315789,57,0,11490490.410461849,BNBUSDT
10,8,32.05638492520243,10.914479637263419,-22.314001189454018,1.8042346876317232,0.7319972520702891,384,160,30,300,1.1,0.5,0.75,oos,4,27.02332859664174,-43.49000317302348,True,188.37954996506306,53.089029391005084,-22.70883393378028,3.0728271359162753,1.6240622134028344,36.36363636363637,33,0,28837954.996506307,XRPUSDT
10,8,32.05638492520243,10.914479637263419,-22.314001189454018,1.8042346876317232,0.7319972520702891,384,160,30,300,1.1,0.5,0.75,oos,4,27.02332859664174,-43.49000317302348,True,81.78694995484739,26.991775618300817,-22.30370455323748,2.5984573314471984,1.0556295250375118,37.03703703703704,27,0,18178694.99548474,ADAUSDT
10,8,32.05638492520243,10.914479637263419,-22.314001189454018,1.8042346876317232,0.7319972520702891,384,160,30,300,1.1,0.5,0.75,oos,4,27.02332859664174,-43.49000317302348,True,102.29685693517703,39.0391412466675,-22.909464454138195,2.484087904056294,1.2775466871033145,43.333333333333336,30,0,20229685.693517704,DOGEUSDT
10,8,32.05638492520243,10.914479637263419,-22.314001189454018,1.8042346876317232,0.7319972520702891,384,160,30,300,1.1,0.5,0.75,oos,4,27.02332859664174,-43.49000317302348,True,0.7723519957024028,0.3384956047318921,-25.028920328556236,1.0112598917286566,0.1393347339985281,22.727272727272727,44,0,10077235.19957024,LINKUSDT
10,8,32.05638492520243,10.914479637263419,-22.314001189454018,1.8042346876317232,0.7319972520702891,384,160,30,300,1.1,0.5,0.75,oos,4,27.02332859664174,-43.49000317302348,True,-27.2925283525268,-11.525754797564957,-48.51934190785568,0.6381600339476124,-0.394031624733646,21.73913043478261,46,0,7270747.16474732,LTCUSDT
10,8,32.05638492520243,10.914479637263419,-22.314001189454018,1.8042346876317232,0.7319972520702891,384,160,30,300,1.1,0.5,0.75,oos,4,27.02332859664174,-43.49000317302348,True,10.822141936762787,5.849028079636098,-21.252100474044767,1.3374997213627202,0.40152538459037607,41.37931034482759,29,0,11082214.193676278,SOLUSDT
10,8,32.05638492520243,10.914479637263419,-22.314001189454018,1.8042346876317232,0.7319972520702891,384,160,30,300,1.1,0.5,0.75,oos,4,27.02332859664174,-43.49000317302348,True,-0.12022476429697226,-0.06781684582338743,-16.864275830645457,0.9953021788779302,0.0742882039813649,40.0,20,0,9987977.523570303,AVAXUSDT
10,7,25.377583347009125,9.612190836748901,-27.09729344367497,1.4973659822201186,0.5866575014920281,322,200,40,400,1.05,0.5,0.75,oos,5,26.78285319718059,-44.70577921246708,True,24.7303884460643,8.53101649688326,-22.09857382163761,1.6629102385252017,0.6571886007343751,34.78260869565217,46,0,12473038.84460643,BTCUSDT
10,7,25.377583347009125,9.612190836748901,-27.09729344367497,1.4973659822201186,0.5866575014920281,322,200,40,400,1.05,0.5,0.75,oos,5,26.78285319718059,-44.70577921246708,True,38.83113182776823,12.923844815007923,-19.078223063730338,1.5527414983412244,0.7932946119329463,40.0,40,0,13883113.182776822,ETHUSDT
10,7,25.377583347009125,9.612190836748901,-27.09729344367497,1.4973659822201186,0.5866575014920281,322,200,40,400,1.05,0.5,0.75,oos,5,26.78285319718059,-44.70577921246708,True,-9.063778735248295,-3.544079343781148,-28.690783425523847,0.8575601934840268,-0.1291182257410088,31.48148148148148,54,0,9093622.12647517,BNBUSDT
10,7,25.377583347009125,9.612190836748901,-27.09729344367497,1.4973659822201186,0.5866575014920281,322,200,40,400,1.05,0.5,0.75,oos,5,26.78285319718059,-44.70577921246708,True,159.92710045633083,46.82666105844226,-29.23911302541824,2.4112933472774527,1.455048651883883,34.48275862068966,29,0,25992710.04563308,XRPUSDT
10,7,25.377583347009125,9.612190836748901,-27.09729344367497,1.4973659822201186,0.5866575014920281,322,200,40,400,1.05,0.5,0.75,oos,5,26.78285319718059,-44.70577921246708,True,56.93061793303009,19.741794472650696,-33.24515519549431,2.0855113007754253,0.7903143973335494,45.83333333333333,24,0,15693061.79330301,ADAUSDT
10,7,25.377583347009125,9.612190836748901,-27.09729344367497,1.4973659822201186,0.5866575014920281,322,200,40,400,1.05,0.5,0.75,oos,5,26.78285319718059,-44.70577921246708,True,96.62708185624003,37.20245997490193,-33.459242735326434,1.9343516302606303,1.1839555482789637,40.74074074074074,27,0,19662708.185624003,DOGEUSDT
10,7,25.377583347009125,9.612190836748901,-27.09729344367497,1.4973659822201186,0.5866575014920281,322,200,40,400,1.05,0.5,0.75,oos,5,26.78285319718059,-44.70577921246708,True,26.02477824795395,10.693365176614545,-25.50380346182609,1.4419904660990128,0.516126402249681,35.483870967741936,31,0,12602477.824795395,LINKUSDT
10,7,25.377583347009125,9.612190836748901,-27.09729344367497,1.4973659822201186,0.5866575014920281,322,200,40,400,1.05,0.5,0.75,oos,5,26.78285319718059,-44.70577921246708,True,-18.017999906102155,-7.349124365063431,-49.58198613013207,0.7915678863815051,-0.16151695912977385,35.294117647058826,34,0,8198200.009389784,LTCUSDT
10,7,25.377583347009125,9.612190836748901,-27.09729344367497,1.4973659822201186,0.5866575014920281,322,200,40,400,1.05,0.5,0.75,oos,5,26.78285319718059,-44.70577921246708,True,9.00740380921572,4.886650018823979,-24.744441260869632,1.2796183512425723,0.34515899726309435,31.818181818181817,22,0,10900740.380921572,SOLUSDT
10,7,25.377583347009125,9.612190836748901,-27.09729344367497,1.4973659822201186,0.5866575014920281,322,200,40,400,1.05,0.5,0.75,oos,5,26.78285319718059,-44.70577921246708,True,-4.108075207006356,-2.337860165324157,-23.70947705815336,0.8545888587811528,-0.07369574609738458,40.0,15,0,9589192.479299365,AVAXUSDT
10,9,26.579382216438106,10.906653957451805,-22.9499378616781,1.7151347536200339,0.7349281668639365,344,160,30,400,1.05,0.5,0.75,oos,6,26.630200515738466,-43.8534035090552,True,33.11277186638728,11.177887150016552,-22.15495119992974,1.8578280807029155,0.8428496631231982,33.33333333333333,51,0,13311277.186638728,BTCUSDT
10,9,26.579382216438106,10.906653957451805,-22.9499378616781,1.7151347536200339,0.7349281668639365,344,160,30,400,1.05,0.5,0.75,oos,6,26.630200515738466,-43.8534035090552,True,48.58204180447123,15.799480439425118,-19.016702091028627,1.743404596188632,0.9485013942220533,40.0,45,0,14858204.180447124,ETHUSDT
10,9,26.579382216438106,10.906653957451805,-22.9499378616781,1.7151347536200339,0.7349281668639365,344,160,30,400,1.05,0.5,0.75,oos,6,26.630200515738466,-43.8534035090552,True,2.642622933062344,0.9955195081084334,-24.792469289790475,1.0428933480012417,0.14261138695787326,32.142857142857146,56,0,10264262.293306235,BNBUSDT
10,9,26.579382216438106,10.906653957451805,-22.9499378616781,1.7151347536200339,0.7349281668639365,344,160,30,400,1.05,0.5,0.75,oos,6,26.630200515738466,-43.8534035090552,True,194.78456866058752,54.44720734596984,-22.70883393378028,2.689413226104356,1.6301602018326828,43.333333333333336,30,0,29478456.866058752,XRPUSDT
10,9,26.579382216438106,10.906653957451805,-22.9499378616781,1.7151347536200339,0.7349281668639365,344,160,30,400,1.05,0.5,0.75,oos,6,26.630200515738466,-43.8534035090552,True,94.10212693720787,30.36385807255073,-24.6283481663075,2.992121098892465,1.1432426262044832,52.17391304347826,23,0,19410212.693720788,ADAUSDT
10,9,26.579382216438106,10.906653957451805,-22.9499378616781,1.7151347536200339,0.7349281668639365,344,160,30,400,1.05,0.5,0.75,oos,6,26.630200515738466,-43.8534035090552,True,141.11944378690043,50.93933825749455,-23.191041789575927,3.068492423512229,1.5369145565544462,50.0,28,0,24111944.37869004,DOGEUSDT
10,9,26.579382216438106,10.906653957451805,-22.9499378616781,1.7151347536200339,0.7349281668639365,344,160,30,400,1.05,0.5,0.75,oos,6,26.630200515738466,-43.8534035090552,True,16.28029912714368,6.849174494902899,-24.45443398643964,1.2484404753722103,0.38653174927531886,34.285714285714285,35,0,11628029.912714368,LINKUSDT
10,9,26.579382216438106,10.906653957451805,-22.9499378616781,1.7151347536200339,0.7349281668639365,344,160,30,400,1.05,0.5,0.75,oos,6,26.630200515738466,-43.8534035090552,True,-17.551523116202006,-7.146927718550355,-45.44283262919884,0.7830240477462311,-0.17867127891074594,35.13513513513514,37,0,8244847.688379799,LTCUSDT
10,9,26.579382216438106,10.906653957451805,-22.9499378616781,1.7151347536200339,0.7349281668639365,344,160,30,400,1.05,0.5,0.75,oos,6,26.630200515738466,-43.8534035090552,True,20.045992566488934,10.63542076488706,-22.289252532801285,1.6868649110514355,0.6270066706046746,37.5,24,0,12004599.256648894,SOLUSDT
10,9,26.579382216438106,10.906653957451805,-22.9499378616781,1.7151347536200339,0.7349281668639365,344,160,30,400,1.05,0.5,0.75,oos,6,26.630200515738466,-43.8534035090552,True,6.298100866609624,3.5043697930280393,-15.803842680844959,1.31205069468749,0.30091914381380847,46.666666666666664,15,0,10629810.086660963,AVAXUSDT
10,9,26.18554263080779,10.558863124853278,-22.843256657870747,1.7239832005580675,0.7218850011602675,344,160,30,400,1.05,0.35,0.75,oos,7,26.435055348144864,-43.79216527129697,True,32.61533799908292,11.023792796096599,-22.310108510746517,1.8740439190825915,0.8397515637006011,33.33333333333333,51,0,13261533.799908292,BTCUSDT
10,9,26.18554263080779,10.558863124853278,-22.843256657870747,1.7239832005580675,0.7218850011602675,344,160,30,400,1.05,0.35,0.75,oos,7,26.435055348144864,-43.79216527129697,True,48.52116795074932,15.78190249045306,-18.78446406568558,1.7707939231228695,0.9603591861596953,37.77777777777778,45,0,14852116.795074932,ETHUSDT
10,9,26.18554263080779,10.558863124853278,-22.843256657870747,1.7239832005580675,0.7218850011602675,344,160,30,400,1.05,0.35,0.75,oos,7,26.435055348144864,-43.79216527129697,True,2.490888283213444,0.9387916657404238,-25.726762545377902,1.042181394791916,0.13877433647126985,30.357142857142854,56,0,10249088.828321345,BNBUSDT
10,9,26.18554263080779,10.558863124853278,-22.843256657870747,1.7239832005580675,0.7218850011602675,344,160,30,400,1.05,0.35,0.75,oos,7,26.435055348144864,-43.79216527129697,True,198.8185617297966,55.29357507256529,-22.70883393378029,2.829448352720852,1.6531500275746946,43.333333333333336,30,0,29881856.17297966,XRPUSDT
10,9,26.18554263080779,10.558863124853278,-22.843256657870747,1.7239832005580675,0.7218850011602675,344,160,30,400,1.05,0.35,0.75,oos,7,26.435055348144864,-43.79216527129697,True,97.67575666258747,31.31820583334477,-22.977679381961202,3.2591357941379937,1.1786633889481442,52.17391304347826,23,0,19767575.66625875,ADAUSDT
10,9,26.18554263080779,10.558863124853278,-22.843256657870747,1.7239832005580675,0.7218850011602675,344,160,30,400,1.05,0.35,0.75,oos,7,26.435055348144864,-43.79216527129697,True,137.4879283373179,49.87162454562228,-23.357572543444384,3.0853523296737584,1.5166076692355717,50.0,28,0,23748792.833731793,DOGEUSDT
10,9,26.18554263080779,10.558863124853278,-22.843256657870747,1.7239832005580675,0.7218850011602675,344,160,30,400,1.05,0.35,0.75,oos,7,26.435055348144864,-43.79216527129697,True,19.755747262532665,8.240255473220248,-23.440748975144675,1.3167587348803738,0.43802011731414736,34.285714285714285,35,0,11975574.726253267,LINKUSDT
10,9,26.18554263080779,10.558863124853278,-22.843256657870747,1.7239832005580675,0.7218850011602675,344,160,30,400,1.05,0.35,0.75,oos,7,26.435055348144864,-43.79216527129697,True,-18.198447187271793,-7.427530131455318,-45.6732326419078,0.7737468195456374,-0.19290624376877033,35.13513513513514,37,0,8180155.281272821,LTCUSDT
10,9,26.18554263080779,10.558863124853278,-22.843256657870747,1.7239832005580675,0.7218850011602675,344,160,30,400,1.05,0.35,0.75,oos,7,26.435055348144864,-43.79216527129697,True,18.98598412977217,10.09393345360996,-21.772521483439387,1.6771724779932655,0.6040184386199339,37.5,24,0,11898598.412977217,SOLUSDT
10,9,26.18554263080779,10.558863124853278,-22.843256657870747,1.7239832005580675,0.7218850011602675,344,160,30,400,1.05,0.35,0.75,oos,7,26.435055348144864,-43.79216527129697,True,5.8599947668628305,3.263582757086936,-15.9535031586733,1.29723211401039,0.2866719069171205,46.666666666666664,15,0,10585999.476686282,AVAXUSDT
10,7,27.649919830692014,10.499991149511047,-26.385259461680015,1.5927077428822185,0.6169074960338765,322,200,40,400,1.05,0.35,0.75,oos,8,26.405983556100566,-44.696251753532806,True,24.00315328709621,8.296163340923691,-22.081359315473904,1.6671028530799323,0.6478054333066301,34.78260869565217,46,0,12400315.328709621,BTCUSDT
10,7,27.649919830692014,10.499991149511047,-26.385259461680015,1.5927077428822185,0.6169074960338765,322,200,40,400,1.05,0.35,0.75,oos,8,26.405983556100566,-44.696251753532806,True,40.96662008853129,13.564237993594652,-19.125607485558692,1.6123668212533606,0.8356919115375044,37.5,40,0,14096662.008853128,ETHUSDT
10,7,27.649919830692014,10.499991149511047,-26.385259461680015,1.5927077428822185,0.6169074960338765,322,200,40,400,1.05,0.35,0.75,oos,8,26.405983556100566,-44.696251753532806,True,-8.234150019380948,-3.210814662087491,-28.52907886590271,0.8627866851361613,-0.1129943860417196,29.629629629629626,54,0,9176584.998061905,BNBUSDT
10,7,27.649919830692014,10.499991149511047,-26.385259461680015,1.5927077428822185,0.6169074960338765,322,200,40,400,1.05,0.35,0.75,oos,8,26.405983556100566,-44.696251753532806,True,165.14045994391512,48.00373253439296,-28.149305705650107,2.5578075932634077,1.4885091065369978,34.48275862068966,29,0,26514045.994391512,XRPUSDT
10,7,27.649919830692014,10.499991149511047,-26.385259461680015,1.5927077428822185,0.6169074960338765,322,200,40,400,1.05,0.35,0.75,oos,8,26.405983556100566,-44.696251753532806,True,56.116756510140696,19.493127137077693,-32.333626819204966,2.13075070736436,0.7878289806127846,45.83333333333333,24,0,15611675.65101407,ADAUSDT
10,7,27.649919830692014,10.499991149511047,-26.385259461680015,1.5927077428822185,0.6169074960338765,322,200,40,400,1.05,0.35,0.75,oos,8,26.405983556100566,-44.696251753532806,True,92.83510802142274,35.958302922770024,-33.74076368569234,1.9244983797217523,1.1573783816709269,40.74074074074074,27,0,19283510.802142274,DOGEUSDT
10,7,27.649919830692014,10.499991149511047,-26.385259461680015,1.5927077428822185,0.6169074960338765,322,200,40,400,1.05,0.35,0.75,oos,8,26.405983556100566,-44.696251753532806,True,31.29668637428782,12.7038189580984,-23.791412777554154,1.5730486645110764,0.586009558761123,32.25806451612903,31,0,13129668.637428783,LINKUSDT
10,7,27.649919830692014,10.499991149511047,-26.385259461680015,1.5927077428822185,0.6169074960338765,322,200,40,400,1.05,0.35,0.75,oos,8,26.405983556100566,-44.696251753532806,True,-18.076204431137853,-7.3744030690228835,-49.78814451888761,0.7890689873024922,-0.16437773531451896,35.294117647058826,34,0,8192379.556886215,LTCUSDT
10,7,27.649919830692014,10.499991149511047,-26.385259461680015,1.5927077428822185,0.6169074960338765,322,200,40,400,1.05,0.35,0.75,oos,8,26.405983556100566,-44.696251753532806,True,8.069590383091562,4.386510752920447,-24.621213217709926,1.25824174032084,0.3211255281114179,31.818181818181817,22,0,10806959.038309157,SOLUSDT
10,7,27.649919830692014,10.499991149511047,-26.385259461680015,1.5927077428822185,0.6169074960338765,322,200,40,400,1.05,0.35,0.75,oos,8,26.405983556100566,-44.696251753532806,True,-4.363119710090646,-2.4844291313808275,-23.845085101094853,0.8426261472934973,-0.08700798115190127,40.0,15,0,9563688.028990936,AVAXUSDT
10,7,33.0566471443461,11.152769726765488,-23.941340870118275,1.5865178280696912,0.7257686242050501,368,200,30,300,1.05,0.5,0.75,oos,9,26.275039332302985,-44.919803791937525,True,44.95353284341621,14.743684728819906,-21.894610874666764,1.9849101311532682,1.0495564458751914,35.84905660377358,53,0,14495353.284341622,BTCUSDT
10,7,33.0566471443461,11.152769726765488,-23.941340870118275,1.5865178280696912,0.7257686242050501,368,200,30,300,1.05,0.5,0.75,oos,9,26.275039332302985,-44.919803791937525,True,65.0698945087059,20.402969739055866,-16.808406390109308,1.870690708132561,1.1544679379498115,43.90243902439025,41,0,16506989.45087059,ETHUSDT
10,7,33.0566471443461,11.152769726765488,-23.941340870118275,1.5865178280696912,0.7257686242050501,368,200,30,300,1.05,0.5,0.75,oos,9,26.275039332302985,-44.919803791937525,True,21.159761445275983,7.56185472471107,-23.42593892857563,1.3023449480068217,0.5098518407603462,33.33333333333333,54,0,12115976.1445276,BNBUSDT
10,7,33.0566471443461,11.152769726765488,-23.941340870118275,1.5865178280696912,0.7257686242050501,368,200,30,300,1.05,0.5,0.75,oos,9,26.275039332302985,-44.919803791937525,True,197.58174564976764,55.034810139790416,-24.05734064124979,3.0864442043169427,1.651129137823521,35.483870967741936,31,0,29758174.564976763,XRPUSDT
10,7,33.0566471443461,11.152769726765488,-23.941340870118275,1.5865178280696912,0.7257686242050501,368,200,30,300,1.05,0.5,0.75,oos,9,26.275039332302985,-44.919803791937525,True,70.33442634973702,23.73053053270946,-26.50820703345197,2.0445518114153707,0.941685407649754,33.33333333333333,27,0,17033442.6349737,ADAUSDT
10,7,33.0566471443461,11.152769726765488,-23.941340870118275,1.5865178280696912,0.7257686242050501,368,200,30,300,1.05,0.5,0.75,oos,9,26.275039332302985,-44.919803791937525,True,93.50480744440878,36.178973715793994,-27.314454056325076,2.1066701039100093,1.1979110985191597,43.333333333333336,30,0,19350480.74444088,DOGEUSDT
10,7,33.0566471443461,11.152769726765488,-23.941340870118275,1.5865178280696912,0.7257686242050501,368,200,30,300,1.05,0.5,0.75,oos,9,26.275039332302985,-44.919803791937525,True,-4.421501509178915,-1.9666284092799469,-29.23152615273924,0.9396268201507417,0.04869723967830884,24.390243902439025,41,0,9557849.849082109,LINKUSDT
10,7,33.0566471443461,11.152769726765488,-23.941340870118275,1.5865178280696912,0.7257686242050501,368,200,30,300,1.05,0.5,0.75,oos,9,26.275039332302985,-44.919803791937525,True,-24.167181621207522,-10.08346324791425,-46.61115441580609,0.6876420541454717,-0.3024034706161517,23.25581395348837,43,0,7583281.837879248,LTCUSDT
10,7,33.0566471443461,11.152769726765488,-23.941340870118275,1.5865178280696912,0.7257686242050501,368,200,30,300,1.05,0.5,0.75,oos,9,26.275039332302985,-44.919803791937525,True,8.002837293842102,4.3508373050999305,-23.825341098986762,1.2055751064536806,0.3178805151415802,34.48275862068966,29,0,10800283.72938421,SOLUSDT
10,7,33.0566471443461,11.152769726765488,-23.941340870118275,1.5865178280696912,0.7257686242050501,368,200,30,300,1.05,0.5,0.75,oos,9,26.275039332302985,-44.919803791937525,True,-2.307215708759369,-1.3077403960471745,-19.915473606923285,0.9172430714578176,-0.0008147076301870127,42.10526315789473,19,0,9769278.429124063,AVAXUSDT
10,7,20.199414144536007,7.689999179478568,-26.272628370834724,1.4837221829213054,0.526958933378288,322,200,40,400,1.1,0.5,0.75,oos,10,26.262314919624565,-42.66366818960276,True,21.50698584945152,7.483391620814639,-19.909558803704964,1.6222565116342873,0.6308350061533118,34.78260869565217,46,0,12150698.584945152,BTCUSDT
10,7,20.199414144536007,7.689999179478568,-26.272628370834724,1.4837221829213054,0.526958933378288,322,200,40,400,1.1,0.5,0.75,oos,10,26.262314919624565,-42.66366818960276,True,42.6973559462853,14.078786949792853,-18.751898768527198,1.6436019545145708,0.8668835928798015,37.5,40,0,14269735.59462853,ETHUSDT
10,7,20.199414144536007,7.689999179478568,-26.272628370834724,1.4837221829213054,0.526958933378288,322,200,40,400,1.1,0.5,0.75,oos,10,26.262314919624565,-42.66366818960276,True,-9.0705762359645,-3.5468176955945285,-27.71800682720467,0.8447404222705729,-0.15225650976691518,29.629629629629626,54,0,9092942.37640355,BNBUSDT
10,7,20.199414144536007,7.689999179478568,-26.272628370834724,1.4837221829213054,0.526958933378288,322,200,40,400,1.1,0.5,0.75,oos,10,26.262314919624565,-42.66366818960276,True,150.79229759762697,44.72968108896127,-27.047597060534258,2.5132159419088174,1.4357358999926755,34.48275862068966,29,0,25079229.759762697,XRPUSDT
10,7,20.199414144536007,7.689999179478568,-26.272628370834724,1.4837221829213054,0.526958933378288,322,200,40,400,1.1,0.5,0.75,oos,10,26.262314919624565,-42.66366818960276,True,49.589498493471915,17.470034848176198,-33.45242512885147,1.9757860487846646,0.7278996463459437,45.83333333333333,24,0,14958949.849347191,ADAUSDT
10,7,20.199414144536007,7.689999179478568,-26.272628370834724,1.4837221829213054,0.526958933378288,322,200,40,400,1.1,0.5,0.75,oos,10,26.262314919624565,-42.66366818960276,True,76.37371463994387,30.40012961020626,-35.67090122651413,1.7515559499931816,1.0315147591879557,37.03703703703704,27,0,17637371.463994388,DOGEUSDT
10,7,20.199414144536007,7.689999179478568,-26.272628370834724,1.4837221829213054,0.526958933378288,322,200,40,400,1.1,0.5,0.75,oos,10,26.262314919624565,-42.66366818960276,True,18.891842439620497,7.896606738142498,-25.497659681135186,1.3451878542083238,0.4230828606032642,32.25806451612903,31,0,11889184.24396205,LINKUSDT
10,7,20.199414144536007,7.689999179478568,-26.272628370834724,1.4837221829213054,0.526958933378288,322,200,40,400,1.1,0.5,0.75,oos,10,26.262314919624565,-42.66366818960276,True,-20.07672918537462,-8.250058666690485,-47.95894544951902,0.7401545875428648,-0.21424367619083823,32.35294117647059,34,0,7992327.081462538,LTCUSDT
10,7,20.199414144536007,7.689999179478568,-26.272628370834724,1.4837221829213054,0.526958933378288,322,200,40,400,1.1,0.5,0.75,oos,10,26.262314919624565,-42.66366818960276,True,6.27355465043038,3.423233659127156,-24.390031858320693,1.2088208643060128,0.27585438273440793,36.36363636363637,22,0,10627355.465043038,SOLUSDT
10,7,20.199414144536007,7.689999179478568,-26.272628370834724,1.4837221829213054,0.526958933378288,322,200,40,400,1.1,0.5,0.75,oos,10,26.262314919624565,-42.66366818960276,True,-3.692153481036742,-2.0992024300409695,-22.357745383847274,0.8610883924584706,-0.06757669506730213,40.0,15,0,9630784.651896326,AVAXUSDT
10,9,21.632714008275723,8.913740534608117,-22.814551963653678,1.705161762693904,0.6635197557082828,344,160,30,400,1.1,0.5,0.75,oos,11,26.128274941427943,-44.63023682622436,True,27.62742050552871,9.458121589311542,-19.15501595035115,1.8399669738138553,0.7914301915273595,33.33333333333333,51,0,12762742.050552871,BTCUSDT
10,9,21.632714008275723,8.913740534608117,-22.814551963653678,1.705161762693904,0.6635197557082828,344,160,30,400,1.1,0.5,0.75,oos,11,26.128274941427943,-44.63023682622436,True,51.15399543210373,16.538054148545346,-18.338436654806344,1.8475132038352309,1.000754209459164,40.0,45,0,15115399.543210372,ETHUSDT
10,9,21.632714008275723,8.913740534608117,-22.814551963653678,1.705161762693904,0.6635197557082828,344,160,30,400,1.1,0.5,0.75,oos,11,26.128274941427943,-44.63023682622436,True,1.5607842631188085,0.5899175190728245,-24.150802501387258,1.0283956248345956,0.11525910450891756,32.142857142857146,56,0,10156078.42631188,BNBUSDT
10,9,21.632714008275723,8.913740534608117,-22.814551963653678,1.705161762693904,0.6635197557082828,344,160,30,400,1.1,0.5,0.75,oos,11,26.128274941427943,-44.63023682622436,True,186.0175451488597,52.58361999583314,-22.708833933780316,2.946905196107099,1.6236436996974246,43.333333333333336,30,0,28601754.51488597,XRPUSDT
10,9,21.632714008275723,8.913740534608117,-22.814551963653678,1.705161762693904,0.6635197557082828,344,160,30,400,1.1,0.5,0.75,oos,11,26.128274941427943,-44.63023682622436,True,79.05443580900355,26.22512289431014,-25.556660570125345,2.758406299236496,1.0331576375999632,47.82608695652174,23,0,17905443.580900356,ADAUSDT
10,9,21.632714008275723,8.913740534608117,-22.814551963653678,1.705161762693904,0.6635197557082828,344,160,30,400,1.1,0.5,0.75,oos,11,26.128274941427943,-44.63023682622436,True,110.24455898839061,41.568213212322846,-22.920269993527043,2.6678174123641365,1.343825926601018,46.42857142857143,28,0,21024455.89883906,DOGEUSDT
10,9,21.632714008275723,8.913740534608117,-22.814551963653678,1.705161762693904,0.6635197557082828,344,160,30,400,1.1,0.5,0.75,oos,11,26.128274941427943,-44.63023682622436,True,9.389326089247252,4.020351472935113,-24.388144841547543,1.1569830042319038,0.28249511384749004,34.285714285714285,35,0,10938932.608924726,LINKUSDT
10,9,21.632714008275723,8.913740534608117,-22.814551963653678,1.705161762693904,0.6635197557082828,344,160,30,400,1.1,0.5,0.75,oos,11,26.128274941427943,-44.63023682622436,True,-20.92709470150489,-8.626362665010067,-44.218105831831664,0.7131476944703459,-0.2626036076513657,32.432432432432435,37,0,7907290.529849511,LTCUSDT
10,9,21.632714008275723,8.913740534608117,-22.814551963653678,1.705161762693904,0.6635197557082828,344,160,30,400,1.1,0.5,0.75,oos,11,26.128274941427943,-44.63023682622436,True,15.638007511022733,8.369359479904691,-21.214394103399105,1.5703565515739524,0.535609319889206,41.66666666666667,24,0,11563800.751102272,SOLUSDT
10,9,21.632714008275723,8.913740534608117,-22.814551963653678,1.705161762693904,0.6635197557082828,344,160,30,400,1.1,0.5,0.75,oos,11,26.128274941427943,-44.63023682622436,True,5.4312545568134585,3.027522228700885,-15.722340381367662,1.2847642942693536,0.27677848536742006,40.0,15,0,10543125.455681346,AVAXUSDT
10,8,25.79054598466397,8.805462921958618,-22.49332390083196,1.7745031783371892,0.6846805108438553,384,160,30,300,1.1,0.35,0.75,oos,12,25.473431862324205,-44.471777138563226,True,40.76199223890593,13.503139613917291,-18.04479107164678,2.2804023383765566,1.135982540379874,37.03703703703704,54,0,14076199.223890593,BTCUSDT
10,8,25.79054598466397,8.805462921958618,-22.49332390083196,1.7745031783371892,0.6846805108438553,384,160,30,300,1.1,0.35,0.75,oos,12,25.473431862324205,-44.471777138563226,True,77.2259417284408,23.61448771695891,-16.064153668579927,2.327313793606874,1.3580142596503235,45.45454545454545,44,0,17722594.17284408,ETHUSDT
10,8,25.79054598466397,8.805462921958618,-22.49332390083196,1.7745031783371892,0.6846805108438553,384,160,30,300,1.1,0.35,0.75,oos,12,25.473431862324205,-44.471777138563226,True,10.81909973042201,3.97860038300315,-25.08921899472566,1.186563856330935,0.33316488870209543,33.33333333333333,57,0,11081909.973042201,BNBUSDT
10,8,25.79054598466397,8.805462921958618,-22.49332390083196,1.7745031783371892,0.6846805108438553,384,160,30,300,1.1,0.35,0.75,oos,12,25.473431862324205,-44.471777138563226,True,190.15525205798752,53.467357197597295,-22.70883393378027,3.621533991743708,1.6528145770218554,33.33333333333333,33,0,29015525.205798753,XRPUSDT
10,8,25.79054598466397,8.805462921958618,-22.49332390083196,1.7745031783371892,0.6846805108438553,384,160,30,300,1.1,0.35,0.75,oos,12,25.473431862324205,-44.471777138563226,True,77.69632081721443,25.841467211129586,-22.277813867883655,2.6186270759247066,1.036196132985615,33.33333333333333,27,0,17769632.081721444,ADAUSDT
10,8,25.79054598466397,8.805462921958618,-22.49332390083196,1.7745031783371892,0.6846805108438553,384,160,30,300,1.1,0.35,0.75,oos,12,25.473431862324205,-44.471777138563226,True,90.81538899696857,35.29030980459167,-22.909464454138227,2.443848076225415,1.196655169545096,43.333333333333336,30,0,19081538.899696857,DOGEUSDT
10,8,25.79054598466397,8.805462921958618,-22.49332390083196,1.7745031783371892,0.6846805108438553,384,160,30,300,1.1,0.35,0.75,oos,12,25.473431862324205,-44.471777138563226,True,2.9661712002055696,1.2921109134821585,-24.957154108749325,1.0473306497155326,0.17536919127243045,22.727272727272727,44,0,10296617.120020557,LINKUSDT
10,8,25.79054598466397,8.805462921958618,-22.49332390083196,1.7745031783371892,0.6846805108438553,384,160,30,300,1.1,0.35,0.75,oos,12,25.473431862324205,-44.471777138563226,True,-30.453725984929612,-13.023972787065174,-48.4146376546496,0.5717096827441998,-0.4872921155488526,19.565217391304348,46,0,6954627.401507039,LTCUSDT
10,8,25.79054598466397,8.805462921958618,-22.49332390083196,1.7745031783371892,0.6846805108438553,384,160,30,300,1.1,0.35,0.75,oos,12,25.473431862324205,-44.471777138563226,True,7.548524352434738,4.1077862299999435,-20.861640800273673,1.268604018297822,0.3163708124942113,37.93103448275862,29,0,10754852.435243474,SOLUSDT
10,8,25.79054598466397,8.805462921958618,-22.49332390083196,1.7745031783371892,0.6846805108438553,384,160,30,300,1.1,0.35,0.75,oos,12,25.473431862324205,-44.471777138563226,True,-1.8671351556850402,-1.0572698295742922,-17.968452327515294,0.9266492747830327,0.004952129381334588,40.0,20,0,9813286.484431496,AVAXUSDT
10,7,19.182068149953,7.376090347614062,-25.44232612963551,1.4917247080014833,0.5138093948657513,322,200,40,400,1.1,0.35,0.75,oos,13,25.424397142067477,-42.377477445006676,True,18.830465316476406,6.600130814776994,-17.95473012606236,1.5933995107982495,0.5925764640722799,30.434782608695656,46,0,11883046.531647641,BTCUSDT
10,7,19.182068149953,7.376090347614062,-25.44232612963551,1.4917247080014833,0.5138093948657513,322,200,40,400,1.1,0.35,0.75,oos,13,25.424397142067477,-42.377477445006676,True,47.259848298864604,15.416658262479332,-18.751898768527255,1.7780422537323024,0.9548806276843049,37.5,40,0,14725984.82988646,ETHUSDT
10,7,19.182068149953,7.376090347614062,-25.44232612963551,1.4917247080014833,0.5138093948657513,322,200,40,400,1.1,0.35,0.75,oos,13,25.424397142067477,-42.377477445006676,True,-8.32972483954113,-3.249111902774482,-27.377055582751474,0.8388501311522479,-0.14833680915205333,31.48148148148148,54,0,9167027.516045887,BNBUSDT
10,7,19.182068149953,7.376090347614062,-25.44232612963551,1.4917247080014833,0.5138093948657513,322,200,40,400,1.1,0.35,0.75,oos,13,25.424397142067477,-42.377477445006676,True,150.1451089136844,44.579392556761974,-26.81532056650886,2.7592702225462253,1.4515309184821494,31.03448275862069,29,0,25014510.89136844,XRPUSDT
10,7,19.182068149953,7.376090347614062,-25.44232612963551,1.4917247080014833,0.5138093948657513,322,200,40,400,1.1,0.35,0.75,oos,13,25.424397142067477,-42.377477445006676,True,44.522835537078876,15.862820803959243,-32.67368722155012,1.9038439420096527,0.6841202088501871,37.5,24,0,14452283.553707888,ADAUSDT
10,7,19.182068149953,7.376090347614062,-25.44232612963551,1.4917247080014833,0.5138093948657513,322,200,40,400,1.1,0.35,0.75,oos,13,25.424397142067477,-42.377477445006676,True,61.94476771270456,25.29642227748643,-37.24198961754405,1.6216555997707884,0.9059201965332232,33.33333333333333,27,0,16194476.771270456,DOGEUSDT
10,7,19.182068149953,7.376090347614062,-25.44232612963551,1.4917247080014833,0.5138093948657513,322,200,40,400,1.1,0.35,0.75,oos,13,25.424397142067477,-42.377477445006676,True,19.533670983429595,8.152049880451129,-23.345537464649812,1.3900499052047168,0.4350423256592226,22.58064516129032,31,0,11953367.09834296,LINKUSDT
10,7,19.182068149953,7.376090347614062,-25.44232612963551,1.4917247080014833,0.5138093948657513,322,200,40,400,1.1,0.35,0.75,oos,13,25.424397142067477,-42.377477445006676,True,-21.420746314174398,-8.845957770242496,-47.196155998704825,0.699839375692509,-0.24940899692806748,32.35294117647059,34,0,7857925.36858256,LTCUSDT
10,7,19.182068149953,7.376090347614062,-25.44232612963551,1.4917247080014833,0.5138093948657513,322,200,40,400,1.1,0.35,0.75,oos,13,25.424397142067477,-42.377477445006676,True,3.7118696633815285,2.0366329311194864,-24.069331692762162,1.136091639121146,0.20258465850391244,36.36363636363637,22,0,10371186.966338154,SOLUSDT
10,7,19.182068149953,7.376090347614062,-25.44232612963551,1.4917247080014833,0.5138093948657513,322,200,40,400,1.1,0.35,0.75,oos,13,25.424397142067477,-42.377477445006676,True,-3.729921760965582,-2.120855459380888,-21.690189879267475,0.8510906213180311,-0.07712246803120089,40.0,15,0,9627007.823903441,AVAXUSDT
10,8,17.256376834167053,7.050219198767216,-24.447454497102594,1.4602881156791032,0.5244810112001115,331,200,30,400,1.05,0.5,0.75,oos,14,24.842661708781055,-42.27512026614026,True,23.413634599357835,8.105147182545691,-23.906212049205134,1.5900710161929126,0.6446453859678154,34.0,50,0,12341363.459935784,BTCUSDT
10,8,17.256376834167053,7.050219198767216,-24.447454497102594,1.4602881156791032,0.5244810112001115,331,200,30,400,1.05,0.5,0.75,oos,14,24.842661708781055,-42.27512026614026,True,40.060887152523094,13.293376613762664,-18.295029204285818,1.6041368854995388,0.8361925921974663,39.02439024390244,41,0,14006088.71525231,ETHUSDT
10,8,17.256376834167053,7.050219198767216,-24.447454497102594,1.4602881156791032,0.5244810112001115,331,200,30,400,1.05,0.5,0.75,oos,14,24.842661708781055,-42.27512026614026,True,2.4816434125225717,0.9353336755139496,-23.53984427507976,1.0424136645959847,0.13859909023274605,32.075471698113205,53,0,10248164.341252258,BNBUSDT
10,8,17.256376834167053,7.050219198767216,-24.447454497102594,1.4602881156791032,0.5244810112001115,331,200,30,400,1.05,0.5,0.75,oos,14,24.842661708781055,-42.27512026614026,True,189.6547605618006,53.360863840475936,-24.44047500776565,2.7631771458616714,1.6157159921520468,39.285714285714285,28,0,28965476.05618006,XRPUSDT
10,8,17.256376834167053,7.050219198767216,-24.447454497102594,1.4602881156791032,0.5244810112001115,331,200,30,400,1.05,0.5,0.75,oos,14,24.842661708781055,-42.27512026614026,True,69.31013861326866,23.43251774566033,-28.200873287820382,2.2228821362149644,0.9486882778075263,43.47826086956522,23,0,16931013.861326866,ADAUSDT
10,8,17.256376834167053,7.050219198767216,-24.447454497102594,1.4602881156791032,0.5244810112001115,331,200,30,400,1.05,0.5,0.75,oos,14,24.842661708781055,-42.27512026614026,True,96.02327246956173,37.005208677899894,-26.360006096078493,2.2471471334983977,1.2278014474703316,42.857142857142854,28,0,19602327.246956173,DOGEUSDT
10,8,17.256376834167053,7.050219198767216,-24.447454497102594,1.4602881156791032,0.5244810112001115,331,200,30,400,1.05,0.5,0.75,oos,14,24.842661708781055,-42.27512026614026,True,8.871570955303888,3.8038201526812143,-24.45443398643954,1.1396666251943735,0.2739547301392967,32.35294117647059,34,0,10887157.095530389,LINKUSDT
10,8,17.256376834167053,7.050219198767216,-24.447454497102594,1.4602881156791032,0.5244810112001115,331,200,30,400,1.05,0.5,0.75,oos,14,24.842661708781055,-42.27512026614026,True,-19.96543785419177,-8.20099275628754,-45.41611131536899,0.7374447298256528,-0.22951469198810198,37.142857142857146,35,0,8003456.214580823,LTCUSDT
10,8,17.256376834167053,7.050219198767216,-24.447454497102594,1.4602881156791032,0.5244810112001115,331,200,30,400,1.05,0.5,0.75,oos,14,24.842661708781055,-42.27512026614026,True,11.099119068976272,5.9952912149887405,-24.524581146685343,1.3305052151652939,0.4043166364324077,29.166666666666668,24,0,11109911.906897627,SOLUSDT
10,8,17.256376834167053,7.050219198767216,-24.447454497102594,1.4602881156791032,0.5244810112001115,331,200,30,400,1.05,0.5,0.75,oos,14,24.842661708781055,-42.27512026614026,True,-0.8950141826207569,-0.5057198331707036,-21.501335311120418,0.9649963680539569,0.041647360493918796,40.0,15,0,9910498.581737924,AVAXUSDT
10,7,27.226052643887655,9.284373961357083,-24.33358415231066,1.618578673572173,0.685188237265783,368,200,30,300,1.1,0.5,0.75,oos,15,24.7207194120188,-43.86052308387589,True,39.31114886541038,13.068330397708316,-20.293940272550703,2.0089637708193986,1.0377942780470657,37.735849056603776,53,0,13931114.886541039,BTCUSDT
10,7,27.226052643887655,9.284373961357083,-24.33358415231066,1.618578673572173,0.685188237265783,368,200,30,300,1.1,0.5,0.75,oos,15,24.7207194120188,-43.86052308387589,True,69.8122018871542,21.673004493412407,-16.954681453909927,2.0684867357051995,1.246926405142427,46.34146341463415,41,0,16981220.18871542,ETHUSDT
10,7,27.226052643887655,9.284373961357083,-24.33358415231066,1.618578673572173,0.685188237265783,368,200,30,300,1.1,0.5,0.75,oos,15,24.7207194120188,-43.86052308387589,True,15.140956422364926,5.500417525005852,-21.527355067953103,1.2380609198086836,0.4161602919019462,37.03703703703704,54,0,11514095.642236492,BNBUSDT
10,7,27.226052643887655,9.284373961357083,-24.33358415231066,1.618578673572173,0.685188237265783,368,200,30,300,1.1,0.5,0.75,oos,15,24.7207194120188,-43.86052308387589,True,181.3701130578644,51.58185153217438,-24.05734064124979,3.1351045475565114,1.5972615031492563,32.25806451612903,31,0,28137011.30578644,XRPUSDT
10,7,27.226052643887655,9.284373961357083,-24.33358415231066,1.618578673572173,0.685188237265783,368,200,30,300,1.1,0.5,0.75,oos,15,24.7207194120188,-43.86052308387589,True,69.29436690595941,23.42792057719725,-25.408411558924506,2.1420046667536456,0.9542161826296199,37.03703703703704,27,0,16929436.69059594,ADAUSDT
10,7,27.226052643887655,9.284373961357083,-24.33358415231066,1.618578673572173,0.685188237265783,368,200,30,300,1.1,0.5,0.75,oos,15,24.7207194120188,-43.86052308387589,True,76.56294809158575,30.46555770352024,-27.18582625932118,1.9990964273356624,1.0687986307344826,36.666666666666664,30,0,17656294.809158575,DOGEUSDT
10,7,27.226052643887655,9.284373961357083,-24.33358415231066,1.618578673572173,0.685188237265783,368,200,30,300,1.1,0.5,0.75,oos,15,24.7207194120188,-43.86052308387589,True,-2.724751397021352,-1.2060222753371153,-27.2271543057788,0.9599662145914688,0.07519501454721905,24.390243902439025,41,0,9727524.860297864,LINKUSDT
10,7,27.226052643887655,9.284373961357083,-24.33358415231066,1.618578673572173,0.685188237265783,368,200,30,300,1.1,0.5,0.75,oos,15,24.7207194120188,-43.86052308387589,True,-28.663072016695235,-12.170282840887491,-47.579825756370056,0.5933347495541069,-0.4303352184159831,18.6046511627907,43,0,7133692.7983304765,LTCUSDT
10,7,27.226052643887655,9.284373961357083,-24.33358415231066,1.618578673572173,0.685188237265783,368,200,30,300,1.1,0.5,0.75,oos,15,24.7207194120188,-43.86052308387589,True,3.9262498653465094,2.1532560967490566,-24.60982766337153,1.1108361784968617,0.2082245544779261,34.48275862068966,29,0,10392624.986534651,SOLUSDT
10,7,27.226052643887655,9.284373961357083,-24.33358415231066,1.618578673572173,0.685188237265783,368,200,30,300,1.1,0.5,0.75,oos,15,24.7207194120188,-43.86052308387589,True,-5.5343411837620256,-3.1597066107780347,-21.754445664614508,0.814642724091712,-0.13048726650597395,42.10526315789473,19,0,9446565.881623797,AVAXUSDT
10,8,17.734256509975275,6.836602698826333,-24.040027183662183,1.4614201107861295,0.5166031097261735,331,200,30,400,1.05,0.35,0.75,oos,16,24.58811642464702,-41.706205255961166,True,23.342929982516235,8.082198886879244,-24.0631047018536,1.6046863546921002,0.6479085927064693,34.0,50,0,12334292.998251624,BTCUSDT
10,8,17.734256509975275,6.836602698826333,-24.040027183662183,1.4614201107861295,0.5166031097261735,331,200,30,400,1.05,0.35,0.75,oos,16,24.58811642464702,-41.706205255961166,True,41.40327394358818,13.694428932740221,-17.447036815073435,1.6529531523311598,0.8677281722694589,36.58536585365854,41,0,14140327.394358817,ETHUSDT
10,8,17.734256509975275,6.836602698826333,-24.040027183662183,1.4614201107861295,0.5166031097261735,331,200,30,400,1.05,0.35,0.75,oos,16,24.58811642464702,-41.706205255961166,True,3.425786491701799,1.287490817224346,-23.817893378380006,1.0618489915037377,0.15998930177786455,30.18867924528302,53,0,10342578.649170179,BNBUSDT
10,8,17.734256509975275,6.836602698826333,-24.040027183662183,1.4614201107861295,0.5166031097261735,331,200,30,400,1.05,0.35,0.75,oos,16,24.58811642464702,-41.706205255961166,True,193.32115559567623,54.13845934362291,-24.05734064124976,2.908646594969731,1.6369866319413062,39.285714285714285,28,0,29332115.559567623,XRPUSDT
10,8,17.734256509975275,6.836602698826333,-24.040027183662183,1.4614201107861295,0.5166031097261735,331,200,30,400,1.05,0.35,0.75,oos,16,24.58811642464702,-41.706205255961166,True,72.53844871277082,24.368155484825028,-26.628444207074953,2.3663540051301037,0.9843687813840949,43.47826086956522,23,0,17253844.871277083,ADAUSDT
10,8,17.734256509975275,6.836602698826333,-24.040027183662183,1.4614201107861295,0.5166031097261735,331,200,30,400,1.05,0.35,0.75,oos,16,24.58811642464702,-41.706205255961166,True,93.67950749521137,36.23647177209568,-26.273707040003114,2.2482968572843487,1.211199513924683,42.857142857142854,28,0,19367950.749521136,DOGEUSDT
10,8,17.734256509975275,6.836602698826333,-24.040027183662183,1.4614201107861295,0.5166031097261735,331,200,30,400,1.05,0.35,0.75,oos,16,24.58811642464702,-41.706205255961166,True,12.125583037434318,5.155253332896859,-23.440748975144654,1.2004135967811413,0.32594630235833955,32.35294117647059,34,0,11212558.303743431,LINKUSDT
10,8,17.734256509975275,6.836602698826333,-24.040027183662183,1.4614201107861295,0.5166031097261735,331,200,30,400,1.05,0.35,0.75,oos,16,24.58811642464702,-41.706205255961166,True,-20.41000828971726,-8.397246258510993,-45.52107890489334,0.7294630155768714,-0.240433053195282,37.142857142857146,35,0,7958999.171028273,LTCUSDT
10,8,17.734256509975275,6.836602698826333,-24.040027183662183,1.4614201107861295,0.5166031097261735,331,200,30,400,1.05,0.35,0.75,oos,16,24.58811642464702,-41.706205255961166,True,10.334282214835655,5.591006510773422,-24.022713726074606,1.3181538668801587,0.3852976267458778,29.166666666666668,24,0,11033428.221483566,SOLUSDT
10,8,17.734256509975275,6.836602698826333,-24.040027183662183,1.4614201107861295,0.5166031097261735,331,200,30,400,1.05,0.35,0.75,oos,16,24.58811642464702,-41.706205255961166,True,-1.3034739617506563,-0.7371780108531012,-21.64086837343917,0.9481378100911254,0.02529960551803382,40.0,15,0,9869652.603824934,AVAXUSDT
