assets,profitable_assets,median_return_pct,median_cagr_pct,median_mdd_pct,median_profit_factor,median_sharpe,total_trades,entry_n,exit_n,ema_n,strong_threshold,base_exposure,strong_exposure,part,train_ok
10,10,386.7425848429283,28.482088941079308,-43.07853438576773,1.5512267229816232,1.04631531538779,888,160,40,400,1.1,0.5,0.75,train,True
10,10,386.7548854901934,28.355064964875353,-43.380944642656104,1.5725686131990706,1.04870639957107,937,160,40,300,1.1,0.35,0.75,train,True
10,10,367.4530497005425,27.66207698301252,-41.03360469681658,1.5847223277286862,1.0271216510489232,888,160,40,400,1.1,0.35,0.75,train,True
10,10,359.3680024571481,27.02332859664174,-43.49000317302348,1.581613875931234,1.038416160276578,1018,160,30,300,1.1,0.5,0.75,train,True
10,10,347.9206143087086,26.78285319718059,-44.70577921246708,1.552520935861884,0.978905546377395,829,200,40,400,1.05,0.5,0.75,train,True
10,10,348.6999699578804,26.630200515738466,-43.8534035090552,1.5409233943363687,1.0273294236583819,971,160,30,400,1.05,0.5,0.75,train,True
10,10,345.8967522570766,26.435055348144864,-43.79216527129697,1.542259776936651,1.0225332405915464,971,160,30,400,1.05,0.35,0.75,train,True
10,10,337.0334045644132,26.405983556100566,-44.696251753532806,1.5690398476260894,0.9765413796667601,829,200,40,400,1.05,0.35,0.75,train,True
10,10,330.0182426272577,26.275039332302985,-44.919803791937525,1.5584207940846069,0.9642324223792043,956,200,30,300,1.05,0.5,0.75,train,True
10,10,336.0964783029521,26.262314919624565,-42.66366818960276,1.558931229409449,0.9629603063366566,829,200,40,400,1.1,0.5,0.75,train,True
10,10,336.26802194227673,26.128274941427943,-44.63023682622436,1.5522519936413777,1.019794180975982,971,160,30,400,1.1,0.5,0.75,train,True
10,10,325.2124349604611,25.473431862324205,-44.471777138563226,1.5623383555687165,1.0048527963737346,1018,160,30,300,1.1,0.35,0.75,train,True
10,10,318.0422721111257,25.424397142067477,-42.377477445006676,1.5819072395972418,0.9475818824761186,829,200,40,400,1.1,0.35,0.75,train,True
10,10,299.9235828240545,24.842661708781055,-42.27512026614026,1.5104855028584825,0.9354804337337888,908,200,30,400,1.05,0.5,0.75,train,True
10,10,306.9543692787632,24.7207194120188,-43.86052308387589,1.536113556150183,0.9363887494047971,956,200,30,300,1.1,0.5,0.75,train,True
10,10,295.49454302399363,24.58811642464702,-41.706205255961166,1.5099264618422295,0.9413534862809316,908,200,30,400,1.05,0.35,0.75,train,True
10,10,286.16115458578315,24.181401537299962,-42.428428456236816,1.51717457041527,0.9158830423882055,908,200,30,400,1.1,0.5,0.75,train,True
10,10,273.0438606700083,23.495506445557112,-42.34160932542156,1.5174643082870494,0.9064851602783353,908,200,30,400,1.1,0.35,0.75,train,True
10,10,278.4943947226824,23.30290095514507,-43.383065208681444,1.5158394809136833,0.9138192175642942,956,200,30,300,1.1,0.35,0.75,train,True
10,10,865.4079859633455,42.80522724391054,-59.296021274841124,1.459323427301034,1.0862567297107462,937,160,40,300,1.05,0.5,1.0,train,False
10,10,864.4321720098794,42.66870253268511,-59.678394549777984,1.4709773720565198,1.082325570595714,937,160,40,300,1.05,0.35,1.0,train,False
10,9,552.2444270167686,39.31534763716472,-58.26340062331792,1.4308885053784872,1.0537974651499025,1018,160,30,300,1.05,0.35,1.0,train,False
10,9,580.015603195893,39.24865201221402,-57.94338433096476,1.4411725067886851,1.0681193455359232,1018,160,30,300,1.05,0.5,1.0,train,False
10,10,649.6696841298378,37.580132328142334,-57.59243587329088,1.4392900570504632,1.0569941973928643,888,160,40,400,1.05,0.5,1.0,train,False
10,10,653.8343066957935,37.54924020077368,-54.55938894507865,1.4551382297801332,1.0575258299715709,937,160,40,300,1.1,0.5,1.0,train,False
10,10,633.7949522906515,37.11037160121637,-57.711397488077495,1.4550684075685918,1.049342395785869,888,160,40,400,1.05,0.35,1.0,train,False
10,10,601.9473796044068,36.659997694265115,-61.89523790482782,1.4389183856416359,0.9643954543716604,880,200,40,300,1.05,0.5,1.0,train,False
10,10,610.9068143079405,36.435112629189945,-51.961333083652065,1.4600901667519581,1.0335546997095184,888,160,40,400,1.1,0.5,1.0,train,False
10,10,579.0599731821728,35.94393801403678,-62.58043151442563,1.4479464317476147,0.9620303825926588,880,200,40,300,1.05,0.35,1.0,train,False
10,10,595.4794596610199,35.79388747227436,-52.69983671237114,1.4598806138954448,1.0289142418628663,937,160,40,300,1.1,0.35,1.0,train,False
10,10,582.7427617076428,35.56434676496164,-51.274508413911484,1.4868862260803524,1.016537208440472,888,160,40,400,1.1,0.35,1.0,train,False
10,10,553.6201399737016,34.70190628951121,-55.250214432958906,1.425963974148074,1.0263009243290337,971,160,30,400,1.05,0.5,1.0,train,False
10,10,530.1115504198343,34.49826945685375,-55.200944941563534,1.4257127188188128,1.0216813207145354,971,160,30,400,1.05,0.35,1.0,train,False
10,10,544.5239317181849,34.31751830048229,-55.669323956120024,1.4533505862984626,0.9800431417813233,829,200,40,400,1.05,0.5,1.0,train,False
10,10,528.8315334419023,33.79190666371365,-55.7284414960163,1.471810671150307,0.9775560455091894,829,200,40,400,1.05,0.35,1.0,train,False
10,10,532.0405578580792,33.780957075039076,-56.27101664903951,1.4363266812587088,0.9369986499683827,880,200,40,300,1.1,0.5,1.0,train,False
10,10,525.574598111382,33.71414974945982,-55.76696909907835,1.4462034264743147,1.0137359636428624,1018,160,30,300,1.1,0.5,1.0,train,False
10,10,511.9616709877159,33.70659658188838,-56.59563242894815,1.4360897788474762,1.0116408324765889,971,160,30,400,1.1,0.5,1.0,train,False
10,10,502.13987938767184,33.31418814644816,-56.688517884021216,1.429934115197294,0.9657997839049695,956,200,30,300,1.05,0.5,1.0,train,False
10,10,513.7469634154652,33.29595008390649,-52.91475723726495,1.4652815040785323,0.9532764443191317,829,200,40,400,1.1,0.5,1.0,train,False
10,10,476.8895855397191,33.14461119339895,-57.04838394188411,1.434992595199202,0.9981718422092534,971,160,30,400,1.1,0.35,1.0,train,False
10,9,483.0457808955366,32.6450331666466,-57.66615879593788,1.4158141173091479,0.9495747335581095,956,200,30,300,1.05,0.35,1.0,train,False
10,10,497.8945026671614,32.52192675553353,-47.47183491040528,1.5722675006412374,1.0864283539642625,937,160,40,300,1.05,0.5,0.75,train,False
10,10,488.52835330589517,32.412395336984645,-52.67786430423064,1.481462579772224,0.9395744349349489,829,200,40,400,1.1,0.35,1.0,train,False
10,10,496.5290338838864,32.390874184130034,-47.76595938861291,1.5807147006226252,1.0824535972602645,937,160,40,300,1.05,0.35,0.75,train,False
10,10,486.9180041778768,32.22379946439391,-56.49624628859895,1.4390154795270624,0.922816589655491,880,200,40,300,1.1,0.35,1.0,train,False
10,10,469.84097410824927,32.09827162615092,-52.515883084613385,1.4010039946264707,0.9432865592897699,908,200,30,400,1.05,0.5,1.0,train,False
10,10,482.4512169652621,32.082736983716956,-56.627091931791284,1.4296007446801435,0.9844535498379126,1018,160,30,300,1.1,0.35,1.0,train,False
10,10,463.8073317280305,31.83086456426664,-52.34971158691746,1.3998772703712028,0.9470447016554615,908,200,30,400,1.05,0.35,1.0,train,False
10,10,433.08533772966143,30.780619594527835,-53.389151134709444,1.4049604376997318,0.910997746540852,908,200,30,400,1.1,0.5,1.0,train,False
10,10,446.22562884295667,30.634019735290387,-54.42758314192473,1.410105094121357,0.9205295506031208,956,200,30,300,1.1,0.5,1.0,train,False
10,10,414.97977217429593,30.058246553171795,-53.92423069527492,1.4113695362970455,0.9017961461119219,908,200,30,400,1.1,0.35,1.0,train,False
10,10,427.6206940931129,30.014376149107136,-45.59047548132734,1.5605257164002593,1.069685707317808,937,160,40,300,1.1,0.5,0.75,train,False
10,10,368.39583078744977,29.719557317978904,-45.79693541077894,1.5816978787475815,1.0621118512395014,1018,160,30,300,1.05,0.35,0.75,train,False
10,10,388.6104835108663,29.66372675315088,-45.56678548696632,1.5960133144052313,1.0796783485845243,1018,160,30,300,1.05,0.5,0.75,train,False
10,10,408.005047942549,29.148807302198186,-54.08325132162702,1.393393659274512,0.9010521960382991,956,200,30,300,1.1,0.35,1.0,train,False
10,10,400.9183886109993,29.06002338346989,-46.44291103941212,1.5385891685917534,1.061114498149445,888,160,40,400,1.05,0.5,0.75,train,False
10,10,391.90358541886553,29.041984499786988,-49.74037603096937,1.5503859865434588,0.9631203975956126,880,200,40,300,1.05,0.5,0.75,train,False
10,10,390.3597514548979,28.619713874535456,-46.48727327859979,1.5599447562614914,1.0524156671068985,888,160,40,400,1.05,0.35,0.75,train,False
10,10,375.7541932331542,28.365203850865218,-50.65699025674486,1.5562742290816258,0.9609615017371808,880,200,40,300,1.05,0.35,0.75,train,False
10,10,359.4031909121813,27.196180526157153,-45.98921740422716,1.5403287926693885,0.9469948315659585,880,200,40,300,1.1,0.5,0.75,train,False
10,10,326.6088517193554,25.7157245636508,-45.17308107836651,1.544186012150936,0.9312712731161992,880,200,40,300,1.1,0.35,0.75,train,False
10,10,316.2783867269693,25.64061183485643,-45.286754915918806,1.5604819776259082,0.9606328695867687,956,200,30,300,1.05,0.35,0.75,train,False
10,10,325.2667065043204,25.597468975100046,-45.14019597606787,1.5581103225179764,1.006341857241594,971,160,30,400,1.1,0.35,0.75,train,False
