assets,profitable_assets,median_return_pct,median_cagr_pct,median_mdd_pct,median_profit_factor,median_sharpe,total_trades,total_liquidations,family,timeframe,leverage,params,robust_ok
10,9,3107.83780903681,57.16612474331417,-72.94768921293887,1.236031202056961,0.9864907045504709,1454,0,supertrend,4h,1.0,"{""mult"": 3.5, ""period"": 7}",True
10,9,3268.3008740184723,53.28339750268758,-75.22788617271775,1.2675048875393755,1.005623308442353,1441,0,supertrend,4h,1.0,"{""mult"": 3.5, ""period"": 10}",True
10,9,3537.5653855430273,51.551546160379324,-67.6816983202788,1.2828999860629375,0.9687264107322813,1397,0,donchian,1h,1.0,"{""entry_n"": 160, ""exit_n"": 80}",True
10,9,1935.3694406942154,51.386741926169854,-64.8408633870215,1.3451156533762578,0.9918861550204134,1561,0,donchian,4h,1.0,"{""entry_n"": 40, ""exit_n"": 10}",True
10,9,2695.5622159080376,50.79544420683932,-62.497477883174625,1.3016816294047031,1.041151356363494,1480,0,donchian,4h,1.0,"{""entry_n"": 40, ""exit_n"": 12}",True
10,9,2725.9424938310517,50.17559731384043,-73.9887428174144,1.1812887627068525,0.9683208609452394,1466,0,supertrend,4h,1.0,"{""mult"": 3.5, ""period"": 14}",True
10,9,2714.9434085652233,48.78112051146951,-66.60319177192162,1.2995762749298365,1.006057021850123,1333,0,donchian,4h,1.0,"{""entry_n"": 40, ""exit_n"": 16}",True
10,9,2329.767116509819,48.45863751196926,-77.59511957274096,1.1538021229502349,0.9709720717419292,2306,0,supertrend,4h,1.0,"{""mult"": 2.6, ""period"": 7}",True
10,9,2989.091087167712,48.357063419305305,-70.83545466348342,1.2383000062350829,0.9395841956172344,1266,0,donchian,1h,1.0,"{""entry_n"": 160, ""exit_n"": 104}",True
10,9,2114.8582193340717,47.03683155657404,-72.83004849571614,1.2031318900953778,1.047779548871533,1847,0,donchian,1h,1.0,"{""entry_n"": 120, ""exit_n"": 60}",True
10,9,3087.114573377202,46.82680921037023,-71.20754298117538,1.2216523053464872,1.0132506282151184,1561,0,donchian,4h,1.0,"{""entry_n"": 30, ""exit_n"": 16}",True
10,9,1479.4825143589442,44.58709433203738,-63.8342169762581,1.3734366036250516,0.9360485119867785,1665,0,donchian,4h,1.0,"{""entry_n"": 40, ""exit_n"": 8}",True
10,9,2305.2445388682954,44.150052893673546,-70.99417371176735,1.3808689116699582,0.9372949444580807,1082,0,donchian,4h,1.0,"{""entry_n"": 40, ""exit_n"": 28}",True
10,9,2042.6136824934222,44.05958450075184,-64.44805175614539,1.2534168260642193,1.0425343077356848,1847,0,donchian,4h,1.0,"{""entry_n"": 30, ""exit_n"": 10}",True
10,9,1684.974305947052,44.03918009253863,-79.71010874988049,1.1605266073151244,0.9133348002041164,1502,0,supertrend,4h,1.0,"{""mult"": 3.5, ""period"": 30}",True
10,9,1438.7836721511353,43.65593340170432,-62.96226994121581,1.3089252122804358,0.968778149096018,1972,0,donchian,4h,1.0,"{""entry_n"": 30, ""exit_n"": 8}",True
10,9,1791.2413087039333,43.17815001469234,-73.94115648863209,1.170268642558555,0.9408442973675435,1652,0,donchian,1h,1.0,"{""entry_n"": 120, ""exit_n"": 78}",True
10,9,1667.4443575809657,43.0549143481191,-74.86485226744949,1.1707314154165616,0.8889195955699095,1933,0,donchian,4h,1.0,"{""entry_n"": 20, ""exit_n"": 16}",True
10,10,1411.0204261851304,42.754988985060734,-64.89191869539897,1.3298284388375174,0.9331532369082292,1359,0,donchian,4h,1.0,"{""entry_n"": 55, ""exit_n"": 10}",True
10,9,1765.1791196381757,42.371332340402965,-80.31424404611235,1.1619442424582722,0.902800608398203,1878,0,supertrend,4h,1.0,"{""mult"": 3.0, ""period"": 14}",True
10,9,2184.756852340877,41.990671048971166,-74.89334587905222,1.199325865602233,0.9307636270130042,1480,0,supertrend,4h,1.0,"{""mult"": 3.5, ""period"": 20}",True
10,9,1392.471358694845,41.598380688014004,-74.49083579790053,1.173017184969805,0.9389108645349573,2340,0,donchian,4h,1.0,"{""entry_n"": 20, ""exit_n"": 10}",True
10,9,1753.3074035256543,41.17377977916645,-66.05027410191406,1.3189891895017944,0.9541521990224981,1619,0,donchian,1h,1.0,"{""entry_n"": 160, ""exit_n"": 56}",True
10,9,1532.924121168297,41.17328259484772,-76.24107067320075,1.1358858978473858,0.8341025406489577,3832,0,supertrend,4h,1.0,"{""mult"": 1.8, ""period"": 7}",True
10,9,1801.6170980739278,40.98385532313246,-62.34243643910533,1.3123189939138218,0.9708253275951864,1289,0,donchian,4h,1.0,"{""entry_n"": 55, ""exit_n"": 12}",True
10,9,2065.1772214020802,40.610408709162115,-66.23736978545587,1.2291943987959355,0.9983940592173831,1748,0,donchian,4h,1.0,"{""entry_n"": 30, ""exit_n"": 12}",True
10,9,1353.377281118803,40.433853925138486,-72.33457414141361,1.1303046078721777,0.8550812915498955,3854,0,donchian,1h,1.0,"{""entry_n"": 48, ""exit_n"": 31}",True
10,9,1507.1460759757292,40.419728211634045,-78.51512141128728,1.12365253956031,0.8247512241969123,1889,0,supertrend,4h,1.0,"{""mult"": 3.0, ""period"": 20}",True
10,9,1670.2056653364957,39.99532065836195,-79.01973994925092,1.1726222577716428,0.8790508676927322,1868,0,supertrend,4h,1.0,"{""mult"": 3.0, ""period"": 10}",True
10,9,1384.513589461014,39.95223452227784,-75.81090860250347,1.1543046679704223,0.883252839984351,1781,0,donchian,4h,1.0,"{""entry_n"": 24, ""exit_n"": 16}",True
10,10,1573.6737401342414,39.30439568545889,-78.57305599735254,1.1676831827386598,0.8426760562388789,2310,0,supertrend,4h,1.0,"{""mult"": 2.6, ""period"": 10}",True
10,9,1801.07050404502,39.200769814088666,-71.80064896935808,1.2821184283576814,0.8779575872532959,1239,0,donchian,4h,1.0,"{""entry_n"": 40, ""exit_n"": 20}",True
10,10,1502.2281353004919,39.03498781331844,-63.354842030568335,1.314564340212558,0.9014475641870949,1166,0,donchian,4h,1.0,"{""entry_n"": 55, ""exit_n"": 16}",True
10,9,839.1326095328884,39.02176832941713,-77.05912543359875,1.1392247609647732,0.8433028922954473,2608,0,donchian,4h,1.0,"{""entry_n"": 16, ""exit_n"": 10}",True
10,9,1266.6678900160553,38.66251597529077,-82.46171049920267,1.1067765396643465,0.8221928895244746,2942,0,supertrend,4h,1.0,"{""mult"": 2.2, ""period"": 10}",True
10,9,1637.4480370092667,38.24797657900248,-77.20465132726909,1.2458419318755416,0.8238928252552085,1246,0,donchian,4h,1.0,"{""entry_n"": 30, ""exit_n"": 28}",True
10,10,1575.074506990295,38.03695638397119,-73.03720075540315,1.2983277941896456,0.8942183613201657,959,0,donchian,4h,1.0,"{""entry_n"": 55, ""exit_n"": 28}",True
10,9,1081.2296850515636,38.00769242027127,-71.63087294498953,1.1770734776454157,0.9097716561994645,2118,0,donchian,4h,1.0,"{""entry_n"": 24, ""exit_n"": 10}",True
10,9,1260.7231852430054,37.911004501275286,-57.61891286965108,1.3841985589947465,0.9189247871875791,1908,0,donchian,4h,1.0,"{""entry_n"": 40, ""exit_n"": 5}",True
10,9,834.9429906319643,37.74788055060097,-78.03330537449042,1.1476717943651318,0.826375768593052,3181,0,donchian,4h,1.0,"{""entry_n"": 12, ""exit_n"": 8}",True
10,9,999.9717827295092,37.44938762508908,-72.07621393427686,1.163938128733729,0.8239972492071127,3336,0,donchian,1h,1.0,"{""entry_n"": 64, ""exit_n"": 32}",True
10,9,738.5671938612072,37.37655466783761,-82.95966713770768,1.1188847242811133,0.8310184436030372,3451,0,donchian,4h,1.0,"{""entry_n"": 10, ""exit_n"": 8}",True
10,9,1039.438537121774,37.36834450228247,-82.05399211420513,1.141935409049303,0.8508468580317546,2944,0,donchian,4h,1.0,"{""entry_n"": 12, ""exit_n"": 10}",True
10,9,1451.5596281917785,37.18759917467559,-75.59385633861555,1.1440243978776965,0.8883600412290237,2190,0,donchian,4h,1.0,"{""entry_n"": 20, ""exit_n"": 12}",True
10,9,1051.86474596068,37.134000826612535,-62.86479248115437,1.251524804395824,0.9479460685185853,2263,0,donchian,4h,1.0,"{""entry_n"": 30, ""exit_n"": 5}",True
10,9,1028.273884666679,36.87942575725278,-65.91468940642216,1.3643793740315315,0.8885596252536192,1456,0,donchian,4h,1.0,"{""entry_n"": 55, ""exit_n"": 8}",True
10,9,884.7159042397559,36.83517967883674,-75.30902940367449,1.175636696163118,0.8300230126494931,2312,0,donchian,1h,1.0,"{""entry_n"": 96, ""exit_n"": 48}",True
10,10,1146.2741090375607,36.74040563914393,-76.96689007677311,1.1619160729118971,0.847354231228552,1876,0,supertrend,4h,1.0,"{""mult"": 3.0, ""period"": 7}",True
10,9,1508.370574800404,36.65346803644155,-74.87895640573744,1.2017101329168884,0.8468286562983728,1445,0,donchian,4h,1.0,"{""entry_n"": 30, ""exit_n"": 20}",True
10,9,1133.9535470465937,36.61264765293236,-72.2827511363201,1.1988298891992168,0.8513237769680051,2462,0,donchian,1h,1.0,"{""entry_n"": 80, ""exit_n"": 52}",True
10,9,1185.875276269614,35.84742289278037,-67.35765586002775,1.2684929400959615,0.8840146253240924,2112,0,donchian,1h,1.0,"{""entry_n"": 120, ""exit_n"": 42}",True
10,9,847.2263355328896,35.36137998784715,-71.88199705459837,1.2095614375287267,0.8493855839929954,2515,0,donchian,4h,1.0,"{""entry_n"": 20, ""exit_n"": 8}",True
10,9,1428.5115371025397,35.11528903586138,-81.97331595547539,1.1466690613783637,0.8486368715574275,1920,0,supertrend,4h,1.0,"{""mult"": 3.0, ""period"": 30}",True
10,9,846.5748664925582,34.933297864503984,-73.52699020428972,1.1513660426780499,0.8015564393804309,3015,0,donchian,1h,1.0,"{""entry_n"": 64, ""exit_n"": 42}",True
10,9,1041.5345184573666,34.6821371596935,-59.34363864057424,1.37862175896846,0.8745228122009241,2036,0,donchian,4h,1.0,"{""entry_n"": 40, ""exit_n"": 4}",True
10,9,1196.5370076339755,34.54219481088175,-69.80494820638808,1.2383011711280028,0.8295952778220864,2721,0,donchian,1h,1.0,"{""entry_n"": 80, ""exit_n"": 40}",True
10,9,926.768792630299,34.542061225487444,-74.89735366090721,1.1622035848825003,0.7724253055848718,2082,0,donchian,1h,1.0,"{""entry_n"": 96, ""exit_n"": 62}",True
10,9,866.8094181350449,34.37109209224066,-77.29255549547436,1.164990954812175,0.7764476645005587,3740,0,donchian,4h,1.0,"{""entry_n"": 12, ""exit_n"": 5}",True
10,9,639.4263924586792,33.81563864377412,-77.77534049612433,1.154490476243361,0.7540242859467579,1632,0,donchian,4h,1.0,"{""entry_n"": 24, ""exit_n"": 20}",True
10,9,1118.4582483148265,33.5197223574318,-68.45896528866886,1.2975392346606611,0.8106480744761235,1088,0,donchian,4h,1.0,"{""entry_n"": 55, ""exit_n"": 20}",True
10,9,716.5737399545997,33.185504806306085,-67.37815680755523,1.2097231263988841,0.8198062923744719,2265,0,donchian,4h,1.0,"{""entry_n"": 24, ""exit_n"": 8}",True
10,9,870.7922691177429,33.004859986569116,-80.49297681566065,1.1239681916755022,0.797330015418052,2436,0,donchian,4h,1.0,"{""entry_n"": 16, ""exit_n"": 12}",True
10,9,949.2413415062395,32.86887087960467,-71.94278884618956,1.2174433258433335,0.7747781128065758,2602,0,donchian,1h,1.0,"{""entry_n"": 96, ""exit_n"": 34}",True
10,9,1054.9429511670141,32.47699989053808,-72.22336605798031,1.150320262526898,0.8364400163953284,2003,0,donchian,4h,1.0,"{""entry_n"": 24, ""exit_n"": 12}",True
10,9,691.5632505224432,32.44515861391663,-75.0565616538451,1.15740087806594,0.7634689784544169,2803,0,donchian,4h,1.0,"{""entry_n"": 16, ""exit_n"": 8}",True
10,9,813.8450071682157,31.94908875815554,-52.189362599561456,1.3970268809743462,0.841562385408368,1660,0,donchian,4h,1.0,"{""entry_n"": 55, ""exit_n"": 5}",True
10,9,936.7187926158866,31.720222142083465,-82.88028529841685,1.1352881063293807,0.7557395608026403,3878,0,supertrend,4h,1.0,"{""mult"": 1.8, ""period"": 10}",True
10,9,815.1288606673606,31.63155754235214,-64.29096047199953,1.2575280280539523,0.8538892771110613,2419,0,donchian,4h,1.0,"{""entry_n"": 30, ""exit_n"": 4}",True
10,9,733.0044825733944,31.446063050747465,-80.14451325730278,1.1543775638532767,0.7613594126994305,4078,0,donchian,4h,1.0,"{""entry_n"": 10, ""exit_n"": 5}",True
10,10,758.0388710993134,30.5886467480154,-78.00652394260405,1.1605631141568287,0.7660645787815741,2360,0,supertrend,4h,1.0,"{""mult"": 2.6, ""period"": 20}",True
10,9,693.136760026073,30.54436345503215,-56.174516709284816,1.3583187229469846,0.8325400512538933,1771,0,donchian,4h,1.0,"{""entry_n"": 55, ""exit_n"": 4}",True
10,9,603.0380672781371,30.480230447322363,-70.33435785550103,1.20578665208555,0.7428446602651768,3100,0,donchian,1h,1.0,"{""entry_n"": 80, ""exit_n"": 28}",True
10,9,720.6797924454797,30.075340517795322,-78.86944919322335,1.1202213892777952,0.7433757748314533,4304,0,donchian,1h,1.0,"{""entry_n"": 48, ""exit_n"": 24}",True
10,9,674.986709916682,29.685466995246223,-75.06302541137379,1.1399179822680758,0.7818747596074663,3248,0,donchian,4h,1.0,"{""entry_n"": 16, ""exit_n"": 5}",True
10,9,783.4794985646679,29.53008127737794,-79.96049549760806,1.149087417271969,0.7304662819360386,2331,0,supertrend,4h,1.0,"{""mult"": 2.6, ""period"": 14}",True
10,9,613.2575616705049,29.2096874226895,-74.9746287758727,1.1096819741544173,0.7527510793331149,4006,0,donchian,4h,1.0,"{""entry_n"": 12, ""exit_n"": 4}",True
10,9,554.6177354146655,28.039225188216875,-69.02106677377328,1.154568361119268,0.784108659596574,2907,0,donchian,4h,1.0,"{""entry_n"": 20, ""exit_n"": 5}",True
10,9,733.7435231760239,27.293039216936787,-78.59477014813365,1.183172486366785,0.7296383711593919,2402,0,supertrend,4h,1.0,"{""mult"": 2.6, ""period"": 30}",True
10,9,521.912628492057,27.259965224141602,-74.75792710748415,1.1045131786653664,0.7394089605479792,3469,0,donchian,4h,1.0,"{""entry_n"": 16, ""exit_n"": 4}",True
10,8,489.80521314985026,26.762425640932353,-82.34343792065452,1.1130222408591925,0.6913339306291173,3934,0,supertrend,4h,1.0,"{""mult"": 1.8, ""period"": 14}",True
10,9,403.52443034584263,25.789360941865034,-68.95579219878789,1.1799626422412697,0.7067577320829594,2599,0,donchian,4h,1.0,"{""entry_n"": 24, ""exit_n"": 5}",True
10,9,405.3203841534688,23.935636942618956,-75.26465300338617,1.100518156451037,0.6638566678312958,4378,0,donchian,4h,1.0,"{""entry_n"": 10, ""exit_n"": 4}",True
10,9,308.21615387043494,22.791588717342503,-70.25293140317424,1.1195096266609101,0.6382827237375231,4886,0,donchian,1h,1.0,"{""entry_n"": 48, ""exit_n"": 17}",True
10,9,307.888103908704,21.87310325243297,-78.34795219334902,1.1006186082089924,0.6351142165979775,2995,0,supertrend,4h,1.0,"{""mult"": 2.2, ""period"": 20}",True
10,9,288.9777708570866,21.717542350792797,-73.96810305933467,1.1107291246294753,0.6590958311229775,3098,0,donchian,4h,1.0,"{""entry_n"": 20, ""exit_n"": 4}",True
10,9,316.1090717878675,21.688326065126297,-73.34009442665597,1.1274773919099659,0.6317163243351036,3886,0,donchian,1h,1.0,"{""entry_n"": 64, ""exit_n"": 22}",True
10,9,193.56261367403843,19.003181766077702,-70.64189245767558,1.1355511726749876,0.5845969856378481,2774,0,donchian,4h,1.0,"{""entry_n"": 24, ""exit_n"": 4}",True
10,9,1564.8673097567926,47.65604153218895,-79.54228310978452,1.0960777070602998,0.8609403156927651,2901,0,supertrend,4h,1.0,"{""mult"": 2.2, ""period"": 7}",False
10,9,554.4488911801775,32.40406459929979,-80.49928140150578,1.085464115260622,0.7454243423608115,2971,0,supertrend,4h,1.0,"{""mult"": 2.2, ""period"": 14}",False
10,8,448.4563233172284,24.390350041269105,-81.93940106248229,1.0917285735841198,0.6740286918891127,3997,0,supertrend,4h,1.0,"{""mult"": 1.8, ""period"": 20}",False
10,7,163.10167840656575,13.373470545602018,-86.25222623105549,1.0619963259291274,0.5437768372594025,4047,0,supertrend,4h,1.0,"{""mult"": 1.8, ""period"": 30}",False
10,8,121.63360774307867,12.113067957999725,-80.59138352121481,1.0562164173420159,0.5228598009060034,3060,0,supertrend,4h,1.0,"{""mult"": 2.2, ""period"": 30}",False
